name,title,amount,desc,type,utf8,func
kg,!,,Mass of the international prototype,primitive,,
kilogram,kg,,,primitive,,
s,!,,Duration of 9192631770 periods of the radiation,primitive,,
second,s,,corresponding to the transition between the two hyperfine,primitive,,
m,!,,Length of the path traveled by light in a vacuum,primitive,,
meter,m,,during 1|299792458 seconds.  Originally meant to be,primitive,,
A,!,,The current which produces a force of 2e-7 N/m between two,primitive,,
ampere,A,,infinitely long wires that are 1 meter apart,primitive,,
amp,ampere,,,primitive,,
cd,!,,Luminous intensity in a given direction of a source which,primitive,,
candela,cd,,emits monochromatic radiation at 540e12 Hz with radiant,primitive,,
mol,!,,The amount of substance of a system which contains as many,primitive,,
mole,mol,,elementary entities as there are atoms in 0.012 kg of,primitive,,
K,!,,1|273.16 of the thermodynamic temperature of the triple,primitive,,
kelvin,K,,point of water,primitive,,
radian,!dimensionless,,The angle subtended at the center of a circle by,primitive,,
sr,!dimensionless,,Solid angle which cuts off an area of the surface,primitive,,
steradian,sr,,of the sphere equal to that of a square with,primitive,,
B,!,,,primitive,,
byte,B,,,primitive,,
bit,B,1|8,Basic unit of information (entropy).  The entropy in bits,primitive,,
yotta-,1e24,,"Greek or Latin octo, ""eight""",prefix,,
zetta-,1e21,,"Latin septem, ""seven""",prefix,,
exa-,1e18,,"Greek hex, ""six""",prefix,,
peta-,1e15,,"Greek pente, ""five""",prefix,,
tera-,1e12,,"Greek teras, ""monster""",prefix,,
giga-,1e9,,"Greek gigas, ""giant""",prefix,,
mega-,1e6,,"Greek megas, ""large""",prefix,,
myria-,1e4,,Not an official SI prefix,prefix,,
kilo-,1e3,,"Greek chilioi, ""thousand""",prefix,,
hecto-,1e2,,"Greek hekaton, ""hundred""",prefix,,
deca-,1e1,,"Greek deka, ""ten""",prefix,,
deka-,deca,,,prefix,,
deci-,1e-1,,"Latin decimus, ""tenth""",prefix,,
centi-,1e-2,,"Latin centum, ""hundred""",prefix,,
milli-,1e-3,,"Latin mille, ""thousand""",prefix,,
micro-,1e-6,,"Latin micro or Greek mikros, ""small""",prefix,,
nano-,1e-9,,"Latin nanus or Greek nanos, ""dwarf""",prefix,,
pico-,1e-12,,"Spanish pico, ""a bit""",prefix,,
femto-,1e-15,,"Danish-Norwegian femten, ""fifteen""",prefix,,
atto-,1e-18,,"Danish-Norwegian atten, ""eighteen""",prefix,,
zepto-,1e-21,,"Latin septem, ""seven""",prefix,,
yocto-,1e-24,,"Greek or Latin octo, ""eight""",prefix,,
quarter-,1|4,,,prefix,,
semi-,0.5,,,prefix,,
demi-,0.5,,,prefix,,
hemi-,0.5,,,prefix,,
half-,0.5,,,prefix,,
double-,2,,,prefix,,
triple-,3,,,prefix,,
treble-,3,,,prefix,,
kibi-,2^10,,In response to the convention of illegally,prefix,,
mebi-,2^20,,and confusingly using metric prefixes for,prefix,,
gibi-,2^30,,"powers of two, the International",prefix,,
tebi-,2^40,,Electrotechnical Commission aproved these,prefix,,
pebi-,2^50,,binary prefixes for use in 1998.  If you,prefix,,
exbi-,2^60,,"want to refer to ""megabytes"" using the",prefix,,
zebi-,2^70,,,prefix,,
yobi-,2^80,,,prefix,,
Ki-,kibi,,"binary definition, use these prefixes.",prefix,,
Mi-,mebi,,,prefix,,
Gi-,gibi,,,prefix,,
Ti-,tebi,,,prefix,,
Pi-,pebi,,,prefix,,
Ei-,exbi,,,prefix,,
Zi-,zebi,,,prefix,,
Yi-,yobi,,,prefix,,
Y-,yotta,,,prefix,,
Z-,zetta,,,prefix,,
E-,exa,,,prefix,,
P-,peta,,,prefix,,
T-,tera,,,prefix,,
G-,giga,,,prefix,,
M-,mega,,,prefix,,
k-,kilo,,,prefix,,
h-,hecto,,,prefix,,
da-,deka,,,prefix,,
d-,deci,,,prefix,,
c-,centi,,,prefix,,
m-,milli,,,prefix,,
u-,micro,,it should be a mu but u is easy to type,prefix,,
mu-,micro,,,prefix,,
n-,nano,,,prefix,,
p-,pico,,,prefix,,
f-,femto,,,prefix,,
a-,atto,,,prefix,,
z-,zepto,,,prefix,,
y-,yocto,,,prefix,,
one,1,,,numbers,,
two,2,,,numbers,,
double,2,,,numbers,,
couple,2,,,numbers,,
three,3,,,numbers,,
triple,3,,,numbers,,
four,4,,,numbers,,
quadruple,4,,,numbers,,
five,5,,,numbers,,
quintuple,5,,,numbers,,
six,6,,,numbers,,
seven,7,,,numbers,,
eight,8,,,numbers,,
nine,9,,,numbers,,
ten,10,,,numbers,,
eleven,11,,,numbers,,
twelve,12,,,numbers,,
thirteen,13,,,numbers,,
fourteen,14,,,numbers,,
fifteen,15,,,numbers,,
sixteen,16,,,numbers,,
seventeen,17,,,numbers,,
eighteen,18,,,numbers,,
nineteen,19,,,numbers,,
twenty,20,,,numbers,,
thirty,30,,,numbers,,
forty,40,,,numbers,,
fifty,50,,,numbers,,
sixty,60,,,numbers,,
seventy,70,,,numbers,,
eighty,80,,,numbers,,
ninety,90,,,numbers,,
hundred,100,,,numbers,,
thousand,1000,,,numbers,,
million,1e6,,,numbers,,
twoscore,score,two,,numbers,,
threescore,score,three,,numbers,,
fourscore,score,four,,numbers,,
fivescore,score,five,,numbers,,
sixscore,score,six,,numbers,,
sevenscore,score,seven,,numbers,,
eightscore,score,eight,,numbers,,
ninescore,score,nine,,numbers,,
tenscore,score,ten,,numbers,,
twelvescore,score,twelve,,numbers,,
shortbillion,1e9,,,numbers,,
shorttrillion,1e12,,,numbers,,
shortquadrillion,1e15,,,numbers,,
shortquintillion,1e18,,,numbers,,
shortsextillion,1e21,,,numbers,,
shortseptillion,1e24,,,numbers,,
shortoctillion,1e27,,,numbers,,
shortnonillion,1e30,,,numbers,,
shortnoventillion,shortnonillion,,,numbers,,
shortdecillion,1e33,,,numbers,,
shortundecillion,1e36,,,numbers,,
shortduodecillion,1e39,,,numbers,,
shorttredecillion,1e42,,,numbers,,
shortquattuordecillion,1e45,,,numbers,,
shortquindecillion,1e48,,,numbers,,
shortsexdecillion,1e51,,,numbers,,
shortseptendecillion,1e54,,,numbers,,
shortoctodecillion,1e57,,,numbers,,
shortnovemdecillion,1e60,,,numbers,,
shortvigintillion,1e63,,,numbers,,
centillion,1e303,,,numbers,,
googol,1e100,,,numbers,,
longbillion,million^2,,,numbers,,
longtrillion,million^3,,,numbers,,
longquadrillion,million^4,,,numbers,,
longquintillion,million^5,,,numbers,,
longsextillion,million^6,,,numbers,,
longseptillion,million^7,,,numbers,,
longoctillion,million^8,,,numbers,,
longnonillion,million^9,,,numbers,,
longnoventillion,longnonillion,,,numbers,,
longdecillion,million^10,,,numbers,,
longundecillion,million^11,,,numbers,,
longduodecillion,million^12,,,numbers,,
longtredecillion,million^13,,,numbers,,
longquattuordecillion,million^14,,,numbers,,
longquindecillion,million^15,,,numbers,,
longsexdecillion,million^16,,,numbers,,
longseptdecillion,million^17,,,numbers,,
longoctodecillion,million^18,,,numbers,,
longnovemdecillion,million^19,,,numbers,,
longvigintillion,million^20,,,numbers,,
milliard,million,1000,,numbers,,
billiard,million^2,1000,,numbers,,
trilliard,million^3,1000,,numbers,,
quadrilliard,million^4,1000,,numbers,,
quintilliard,million^5,1000,,numbers,,
sextilliard,million^6,1000,,numbers,,
septilliard,million^7,1000,,numbers,,
octilliard,million^8,1000,,numbers,,
nonilliard,million^9,1000,,numbers,,
noventilliard,nonilliard,,,numbers,,
decilliard,million^10,1000,,numbers,,
longmilliard,milliard,,,numbers,,
longbilliard,billiard,,,numbers,,
longtrilliard,trilliard,,,numbers,,
longquadrilliard,quadrilliard,,,numbers,,
longquintilliard,quintilliard,,,numbers,,
longsextilliard,sextilliard,,,numbers,,
longseptilliard,septilliard,,,numbers,,
longoctilliard,octilliard,,,numbers,,
longnonilliard,nonilliard,,,numbers,,
longnoventilliard,noventilliard,,,numbers,,
longdecilliard,decilliard,,,numbers,,
billion,shortbillion,,,numbers,,
trillion,shorttrillion,,,numbers,,
quadrillion,shortquadrillion,,,numbers,,
quintillion,shortquintillion,,,numbers,,
sextillion,shortsextillion,,,numbers,,
septillion,shortseptillion,,,numbers,,
octillion,shortoctillion,,,numbers,,
nonillion,shortnonillion,,,numbers,,
noventillion,shortnoventillion,,,numbers,,
decillion,shortdecillion,,,numbers,,
undecillion,shortundecillion,,,numbers,,
duodecillion,shortduodecillion,,,numbers,,
tredecillion,shorttredecillion,,,numbers,,
quattuordecillion,shortquattuordecillion,,,numbers,,
quindecillion,shortquindecillion,,,numbers,,
sexdecillion,shortsexdecillion,,,numbers,,
septendecillion,shortseptendecillion,,,numbers,,
octodecillion,shortoctodecillion,,,numbers,,
novemdecillion,shortnovemdecillion,,,numbers,,
vigintillion,shortvigintillion,,,numbers,,
lakh,1e5,,,numbers,,
crore,1e7,,,numbers,,
arab,1e9,,,numbers,,
kharab,1e11,,,numbers,,
neel,1e13,,,numbers,,
padm,1e15,,,numbers,,
shankh,1e17,,,numbers,,
US,m/ft,1200|3937,These four values will convert,us,,
US-,US,,international measures to,us,,
survey-,US,,US Survey measures,us,,
geodetic-,US,,,us,,
int,ft/m,3937|1200,Convert US Survey measures to,us,,
int-,int,,international measures,us,,
yard,ft,3,,us,,
yd,yard,,,us,,
mile,ft,5280,The mile was enlarged from 5000 ft,us,,
line,inch,1|12,Also defined as '.1 in' or as '1e-8 Wb',us,,
rod,yard,5.5,,us,,
perch,rod,,,us,,
furlong,rod,40,"From ""furrow long""",us,,
statutemile,mile,,,us,,
league,mile,3,Intended to be an an hour's walk,us,,
surveyorschain,surveyft,66,,us,,
surveychain,surveyorschain,,,us,,
surveyorspole,surveyorschain,1|4,,us,,
surveyorslink,surveyorschain,1|100,,us,,
chain,ft,66,,us,,
link,chain,1|100,,us,,
ch,chain,,,us,,
USacre,surveychain^2,10,,us,,
intacre,chain^2,10,Acre based on international ft,us,,
intacrefoot,foot,acre,,us,,
USacrefoot,surveyfoot,USacre,,us,,
acrefoot,intacrefoot,,,us,,
acre,intacre,,,us,,
section,mile^2,,,us,,
township,section,36,,us,,
homestead,acre,160,Area of land granted by the 1862 Homestead,us,,
gunterschain,surveyorschain,,,us,,
engineerschain,ft,100,,us,,
engineerslink,engineerschain,1|100,,us,,
ramsdenschain,engineerschain,,,us,,
ramsdenslink,engineerslink,,,us,,
gurleychain,feet,33,Andrew Ellicott chain is the,us,,
gurleylink,gurleychain,1|50,same length,us,,
wingchain,feet,66,"Chain from 1664, introduced by",us,,
winglink,wingchain,1|80,"Vincent Wing, also found in a",us,,
troughtonyard,mm,914.42190,,us,,
bronzeyard11,mm,914.39980,,us,,
mendenhallyard,surveyyard,,,us,,
internationalyard,yard,,,us,,
fathom,ft,6,Originally defined as the distance from,us,,
nauticalmile,m,1852,Supposed to be one minute of latitude at,us,,
cable,nauticalmile,1|10,,us,,
intcable,cable,,international cable,us,,
cablelength,cable,,,us,,
UScable,USfathom,100,,us,,
navycablelength,USft,720,used for depth in water,us,,
marineleague,nauticalmile,3,,us,,
geographicalmile,brnauticalmile,,,us,,
click,km,,US military slang,us,,
klick,click,,,us,,
pound,kg,0.45359237,The one normally used,us,,
lb,pound,,From the latin libra,us,,
grain,pound,1|7000,The grain is the same in all three,us,,
ounce,pound,1|16,,us,,
oz,ounce,,,us,,
dram,ounce,1|16,,us,,
dr,dram,,,us,,
ushundredweight,pounds,100,,us,,
cwt,hundredweight,,,us,,
shorthundredweight,ushundredweight,,,us,,
uston,shortton,,,us,,
shortton,lb,2000,,us,,
quarterweight,uston,1|4,,us,,
shortquarterweight,shortton,1|4,,us,,
shortquarter,shortquarterweight,,,us,,
troypound,grain,5760,,us,,
troyounce,troypound,1|12,,us,,
ozt,troyounce,,,us,,
pennyweight,troyounce,1|20,"Abbreviated ""d"" in reference to a",us,,
dwt,pennyweight,,"Frankish coin called the ""denier""",us,,
fineounce,troyounce,,A troy ounce of 99.5% pure gold,us,,
metriccarat,gram,0.2,Defined in 1907,us,,
metricgrain,mg,50,,us,,
carat,metriccarat,,,us,,
ct,carat,,,us,,
jewelerspoint,carat,1|100,,us,,
silversmithpoint,inch,1|4000,,us,,
momme,grams,3.75,Traditional Japanese unit based,us,,
appound,troypound,,,us,,
apounce,troyounce,,,us,,
apdram,apounce,1|8,,us,,
apscruple,apdram,1|3,,us,,
usgallon,in^3,231,US liquid measure is derived from,us,,
gallon,usgallon,,,us,,
gal,gallon,,the British wine gallon of 1707.,us,,
quart,gallon,1|4,"See the ""winegallon"" entry below",us,,
pint,quart,1|2,more historical information.,us,,
gill,pint,1|4,,us,,
usquart,usgallon,1|4,,us,,
uspint,usquart,1|2,,us,,
usgill,uspint,1|4,,us,,
usfluidounce,uspint,1|16,,us,,
fluiddram,usfloz,1|8,,us,,
minimvolume,fluiddram,1|60,,us,,
qt,quart,,,us,,
pt,pint,,,us,,
floz,fluidounce,,,us,,
usfloz,usfluidounce,,,us,,
fldr,fluiddram,,,us,,
liquidbarrel,usgallon,31.5,,us,,
usbeerbarrel,beerkegs,2,,us,,
beerkeg,usgallon,15.5,Various among brewers,us,,
ponykeg,beerkeg,1|2,,us,,
winekeg,usgallon,12,,us,,
petroleumbarrel,usgallon,42,Originated in Pennsylvania oil,us,,
barrel,petroleumbarrel,,"fields, from the winetierce",us,,
bbl,barrel,,,us,,
ushogshead,liquidbarrel,2,,us,,
usfirkin,usgallon,9,,us,,
usbushel,in^3,2150.42,Volume of 8 inch cylinder with 18.5,us,,
bu,bushel,,inch diameter (rounded),us,,
peck,bushel,1|4,,us,,
uspeck,usbushel,1|4,,us,,
brpeck,brbushel,1|4,,us,,
pk,peck,,,us,,
drygallon,uspeck,1|2,,us,,
dryquart,drygallon,1|4,,us,,
drypint,dryquart,1|2,,us,,
drybarrel,in^3,7056,"Used in US for fruits, vegetables,",us,,
cranberrybarrel,in^3,5826,US cranberry barrel,us,,
heapedbushel,usbushel,1.278,The following explanation for this,us,,
wheatbushel,lb,60,,us,,
soybeanbushel,lb,60,,us,,
cornbushel,lb,56,,us,,
ryebushel,lb,56,,us,,
barleybushel,lb,48,,us,,
oatbushel,lb,32,,us,,
ricebushel,lb,45,,us,,
canada_oatbushel,lb,34,,us,,
ponyvolume,usfloz,1,,us,,
jigger,usfloz,1.5,Can vary between 1 and 2 usfloz,us,,
shot,jigger,,Sometimes 1 usfloz,us,,
eushot,ml,25,EU standard spirits measure,us,,
fifth,usgallon,1|5,,us,,
winebottle,ml,750,"US industry standard, 1979",us,,
winesplit,winebottle,1|4,,us,,
magnum,liter,1.5,"Standardized in 1979, but given",us,,
metrictenth,ml,375,,us,,
metricfifth,ml,750,,us,,
metricquart,liter,1,,us,,
reputedquart,brgallon,1|6,,us,,
reputedpint,reputedquart,1|2,,us,,
brwinebottle,reputedquart,,Very close to 1|5 winegallon,us,,
split,ml,200,,us,,
jeroboam,magnum,2,,us,,
rehoboam,magnum,3,,us,,
methuselah,magnum,4,,us,,
imperialbottle,magnum,4,,us,,
salmanazar,magnum,6,,us,,
balthazar,magnum,8,,us,,
nebuchadnezzar,magnum,10,,us,,
solomon,magnum,12,,us,,
melchior,magnum,12,,us,,
sovereign,magnum,17.5,,us,,
primat,magnum,18,,us,,
goliath,magnum,18,,us,,
melchizedek,magnum,20,,us,,
midas,magnum,20,,us,,
wineglass,mL,150,"the size of a ""typical"" serving",us,,
coffeeratio,g/L,55,± 10%,us,,
clarkdegree,grains/brgallon,,Content by weigh of calcium carbonate,us,,
gpg,grains/usgallon,,Divide by water's density to convert to,us,,
shoeiron,inch,1|48,Used to measure leather in soles,us,,
shoeounce,inch,1|64,Used to measure non-sole shoe leather,us,,
shoesize_delta,inch,1|3,USA shoe sizes differ by this amount,us,,
shoe_men0,inch,8.25,,us,,
shoe_women0,inch,(7+11|12),,us,,
shoe_boys0,inch,(3+11|12),,us,,
shoe_girls0,inch,(3+7|12),,us,,
europeshoesize,cm,2|3,,us,,true
buck,US$,,,us,,true
fin,US$,5,,us,,true
sawbuck,US$,10,,us,,true
usgrand,US$,1000,,us,,true
greenback,US$,,,us,,true
key,kg,,"usually of marijuana, 60's",us,,true
lid,oz,1,Another 60's weed unit,us,,true
footballfield,usfootballfield,,,us,,true
usfootballfield,yards,100,,us,,true
canadafootballfield,yards,110,And 65 yards wide,us,,true
spherevol(),spherevolume,,,geometric,,true
atomicmass,electronmass,,,fundamental,,
atomiccharge,e,,,fundamental,,
atomicaction,hbar,,,fundamental,,
atomiclength,bohrradius,,,fundamental,,
hartree,atomicenergy,,,fundamental,,
TIME,second,,,astronomical,,
anomalisticyear,days,365.2596,The time between successive,astronomical,,
siderealyear,day,365.256360417,The time for the earth to make,astronomical,,
tropicalyear,day,365.242198781,The time needed for the mean sun,astronomical,,
eclipseyear,days,346.62,The line of nodes is the,astronomical,,
saros,synodicmonth,223,"The earth, moon and sun appear in",astronomical,,
siderealday,s,86164.09054,The sidereal day is the interval,astronomical,,
siderealhour,siderealday,1|24,between two successive transits,astronomical,,
siderealminute,siderealhour,1|60,"of a star over the meridian,",astronomical,,
siderealsecond,siderealminute,1|60,or the time required  for the,astronomical,,
anomalisticmonth,day,27.55454977,Time for the moon to travel from,astronomical,,
nodicalmonth,day,27.2122199,The nodes are the points where,astronomical,,
draconicmonth,nodicalmonth,,an orbit crosses the ecliptic.,astronomical,,
draconiticmonth,nodicalmonth,,This is the time required to,astronomical,,
siderealmonth,day,27.321661,Time required for the moon to,astronomical,,
synodicmonth,lunarmonth,,Full moons occur when the sun,astronomical,,
lunation,synodicmonth,,and moon are on opposite sides,astronomical,,
lune,lunation,1|30,of the earth.  Since the earth,astronomical,,
lunour,lune,1|24,"moves around the sun, the moon",astronomical,,
year,tropicalyear,,,astronomical,,
yr,year,,,astronomical,,
month,year,1|12,,astronomical,,
mo,month,,,astronomical,,
lustrum,years,5,The Lustrum was a Roman,astronomical,,
decade,years,10,,astronomical,,
century,years,100,,astronomical,,
millennium,years,1000,,astronomical,,
millennia,millennium,,,astronomical,,
solaryear,year,,,astronomical,,
lunaryear,lunarmonth,12,,astronomical,,
calendaryear,day,365,,astronomical,,
commonyear,day,365,,astronomical,,
leapyear,day,366,,astronomical,,
julianyear,day,365.25,,astronomical,,
gregorianyear,day,365.2425,,astronomical,,
islamicyear,day,354,A year of 12 lunar months. They,astronomical,,
islamicleapyear,day,355,"began counting on July 16, AD 622",astronomical,,
islamicmonth,islamicyear,1|12,They have 29 day and 30 day months.,astronomical,,
mercuryday,day,58.6462,,astronomical,,
venusday,day,243.01,retrograde,astronomical,,
earthday,siderealday,,,astronomical,,
marsday,day,1.02595675,,astronomical,,
jupiterday,day,0.41354,,astronomical,,
saturnday,day,0.4375,,astronomical,,
uranusday,day,0.65,retrograde,astronomical,,
neptuneday,day,0.768,,astronomical,,
plutoday,day,6.3867,,astronomical,,
mercuryyear,julianyear,0.2408467,,astronomical,,
venusyear,julianyear,0.61519726,,astronomical,,
earthyear,siderealyear,,,astronomical,,
marsyear,julianyear,1.8808476,,astronomical,,
jupiteryear,julianyear,11.862615,,astronomical,,
saturnyear,julianyear,29.447498,,astronomical,,
uranusyear,julianyear,84.016846,,astronomical,,
neptuneyear,julianyear,164.79132,,astronomical,,
plutoyear,julianyear,247.92065,,astronomical,,
earthflattening,1|298.25642,,,astronomical,,
earthradius_equatorial,m,6378136.49,,astronomical,,
earthradius_polar,earthradius_equatorial,(-earthflattening+1),,astronomical,,
landarea,km^2,148.847e6,,astronomical,,
oceanarea,km^2,361.254e6,,astronomical,,
moonradius,km,1738,mean value,astronomical,,
sunradius,m,6.96e8,,astronomical,,
gauss_k,0.01720209895,,This beast has dimensions of,astronomical,,
astronomicalunit,m,149597870700,"IAU definition from 2012, exact",astronomical,,
au,astronomicalunit,,ephemeris for the above described,astronomical,,
pc,parsec,,from the sun to a point having,astronomical,,
solarmass,kg,1.9891e30,,astronomical,,
sunmass,solarmass,,,astronomical,,
sundist,au,1.0000010178,mean earth-sun distance,astronomical,,
moondist,m,3.844e8,mean earth-moon distance,astronomical,,
sundist_near,m,1.471e11,earth-sun distance at perihelion,astronomical,,
sundist_far,m,1.521e11,earth-sun distance at aphelion,astronomical,,
moondist_min		3.564e8,m	,,approximate least distance at,astronomical,,
moondist_max		4.067e8,m	,,approximate greatest distance at,astronomical,,
moonearthmassratio,0.012300034,,uncertainty 3e-9,astronomical,,
moonmass,earthmass,moonearthmassratio,,astronomical,,
oldmercurymass,kg,0.33022e24,,astronomical,,
oldvenusmass,kg,4.8690e24,,astronomical,,
oldmarsmass,kg,0.64191e24,,astronomical,,
oldjupitermass,kg,1898.8e24,,astronomical,,
oldsaturnmass,kg,568.5e24,,astronomical,,
olduranusmass,kg,86.625e24,,astronomical,,
oldneptunemass,kg,102.78e24,,astronomical,,
oldplutomass,kg,0.015e24,,astronomical,,
mercuryradius,km,2440,,astronomical,,
venusradius,km,6051.84,,astronomical,,
earthradius,km,6371.01,,astronomical,,
marsradius,km,3389.92,,astronomical,,
jupiterradius,km,69911,,astronomical,,
saturnradius,km,58232,,astronomical,,
uranusradius,km,25362,,astronomical,,
neptuneradius,km,24624,,astronomical,,
plutoradius,km,1151,,astronomical,,
moongravity,m/s^2,1.62,,astronomical,,
hubble,km/s/Mpc,70,approximate,astronomical,,
H0,hubble,,,astronomical,,
moonhp,lunarparallax,,horizontal parallax,astronomical,,
moonsd	asin(moonradius,moondist),/,Moon angular semidiameter at mean distance,astronomical,,true
sunsd	asin(sunradius,sundist),/,Sun angular semidiameter at mean distance,astronomical,,true
thermalcoulomb,J/K,,entropy,thermal,,
thermalampere,W/K,,entropy flow,thermal,,
thermalfarad,J/K^2,,,thermal,,
thermalohm,K^2/W,,thermal resistance,thermal,,
fourier,thermalohm,,,thermal,,
thermalhenry,K^2/W^2,J,thermal inductance,thermal,,
thermalvolt,K,,thermal potential difference,thermal,,
UK,UKlength_SJJ,,,british,,
UK-,UK,,,british,,
british-,UK,,,british,,
brnauticalmile,ft,6080,Used until 1970 when the UK,british,,
brcable,brnauticalmile,1|10,nautical mile.,british,,
admiraltymile,brnauticalmile,,,british,,
admiraltyknot,brknot,,,british,,
admiraltycable,brcable,,,british,,
seamile,ft,6000,,british,,
shackle,fathoms,15,Adopted 1949 by British navy,british,,
clove,lb,7,,british,,
stone,lb,14,,british,,
tod,lb,28,,british,,
brquarterweight,brhundredweight,1|4,,british,,
brhundredweight,stone,8,,british,,
longhundredweight,brhundredweight,,,british,,
longton,brhundredweight,20,,british,,
brton,longton,,,british,,
brminim,brdram,1|60,,british,,
brscruple,brdram,1|3,,british,,
fluidscruple,brscruple,,,british,,
brdram,brfloz,1|8,,british,,
brfluidounce,brpint,1|20,,british,,
brfloz,brfluidounce,,,british,,
brgill,brpint,1|4,,british,,
brpint,brquart,1|2,,british,,
brquart,brgallon,1|4,,british,,
brgallon,l,4.54609,The British Imperial gallon was,british,,
brbarrel,brgallon,36,Used for beer,british,,
brbushel,brgallon,8,,british,,
brheapedbushel,brbushel,1.278,,british,,
brquarter,brbushel,8,,british,,
brchaldron,brbushel,36,,british,,
bag,brbushel,4,,british,,
bucket,brgallon,4,,british,,
kilderkin,brfirkin,2,,british,,
last,brbushel,40,,british,,
noggin,brgill,,,british,,
pottle,brgallon,0.5,,british,,
pin,brgallon,4.5,,british,,
puncheon,brgallon,72,,british,,
seam,brbushel,8,,british,,
coomb,brbushel,4,,british,,
boll,brbushel,6,,british,,
firlot,boll,1|4,,british,,
brfirkin,brgallon,9,Used for ale and beer,british,,
cran,brgallon,37.5,"measures herring, about 750 fish",british,,
brwinehogshead,brgallon,52.5,This value is approximately equal,british,,
brhogshead,brwinehogshead,,to the old wine hogshead of 63,british,,
brbeerhogshead,brgallon,54,,british,,
brbeerbutt,brbeerhogshead,2,,british,,
registerton,ft^3,100,Used for internal capacity of ships,british,,
shippington,ft^3,40,Used for ship's cargo freight or timber,british,,
brshippington,ft^3,42,,british,,
freightton,shippington,,Both register ton and shipping ton derive,british,,
displacementton,ft^3,35,Approximate volume of a longton weight of,british,,
waterton,brgallon,224,,british,,
strike,l,70.5,"16th century unit, sometimes",british,,
amber,brbushel,4,Used for dry and liquid capacity [18],british,,
imperialminim,brminim,,,british,,
imperialscruple,brscruple,,,british,,
imperialdram,brdram,,,british,,
imperialfluidounce,brfluidounce,,,british,,
imperialfloz,brfloz,,,british,,
imperialgill,brgill,,,british,,
imperialpint,brpint,,,british,,
imperialquart,brquart,,,british,,
imperialgallon,brgallon,,,british,,
imperialbarrel,brbarrel,,,british,,
imperialbushel,brbushel,,,british,,
imperialheapedbushel,brheapedbushel,,,british,,
imperialquarter,brquarter,,,british,,
imperialchaldron,brchaldron,,,british,,
imperialwinehogshead,brwinehogshead,,,british,,
imperialhogshead,brhogshead,,,british,,
imperialbeerhogshead,brbeerhogshead,,,british,,
imperialbeerbutt,brbeerbutt,,,british,,
imperialfirkin,brfirkin,,,british,,
barleycorn,UKinch,1|3,Given in Realm of Measure as the,british,,
nail,UKyard,1|16,"Originally the width of the thumbnail,",british,,
pole,UKft,16.5,"This was 15 Saxon feet, the Saxon",british,,
rope,UKft,20,foot (aka northern foot) being longer,british,,
englishell,UKinch,45,,british,,
flemishell,UKinch,27,,british,,
ell,englishell,,supposed to be measure from elbow to,british,,
span,UKinch,9,supposed to be distance from thumb,british,,
goad,UKft,4.5,"used for cloth, possibly named after the",british,,
hide,acre,120,English unit of land area dating to the 7th,british,,
virgate,hide,1|4,,british,,
nook,virgate,1|2,,british,,
rood,rod,furlong,Area of a strip a rod by a furlong,british,,
englishcarat,troyounce/151.5,,Originally intended to be 4 grain,british,,
mancus,oz,2,,british,,
mast,lb,2.5,,british,,
nailkeg,lbs,100,,british,,
basebox,in^2,31360,Used in metal plating,british,,
metre,meter,,,british,,
gramme,gram,,,british,,
litre,liter,,,british,,
dioptre,diopter,,,british,,
aluminium,aluminum,,,british,,
sulphur,sulfur,,,british,,
LUMINOUS_INTENSITY,candela,,,photometric,,
LUMINOUS_FLUX,lumen,,,photometric,,
LUMINOUS_ENERGY,talbot,,,photometric,,
ILLUMINANCE,lux,,,photometric,,
EXITANCE,lux,,,photometric,,
candle,candela,1.02,Standard unit for luminous intensity,photometric,,
hefnerunit,candle,0.9,in use before candela,photometric,,
hefnercandle,hefnerunit,,,photometric,,
violle,cd,20.17,luminous intensity of 1 cm^2 of,photometric,,
lumen,sr,cd,Luminous flux (luminous energy per,photometric,,
lm,lumen,,time unit),photometric,,
talbot,s,lumen,Luminous energy,photometric,,
lumberg,talbot,,References give these values for,photometric,,
lumerg,talbot,,lumerg and lumberg both.  Note that,photometric,,
lux,lm/m^2,,Illuminance or exitance (luminous,photometric,,
lx,lux,,flux incident on or coming from,photometric,,
ph,phot,,,photometric,,
footcandle,lumen/ft^2,,Illuminance from a 1 candela source,photometric,,
metercandle,lumen/m^2,,Illuminance from a 1 candela source,photometric,,
mcs,s,metercandle,"luminous energy per area, used to",photometric,,
nox,lux,1e-3,These two units were proposed for,photometric,,
skot,apostilb,1e-3,measurements relating to dark adapted,photometric,,
sqrt_cm,!,,,electrostatic,,
sqrt_centimeter,sqrt_cm,,,electrostatic,,
+m,sqrt_cm^2,100,,electrostatic,,
sqrt_g,!,,,electrostatic,,
sqrt_gram,sqrt_g,,,electrostatic,,
+kg,sqrt_g^2,kilo,,electrostatic,,
esu,statcoulomb,,of 1 statC separated by 1 cm,electrostatic,,
statcoul,statcoulomb,,exert a force of 1 dyne,electrostatic,,
statC,statcoulomb,,,electrostatic,,
stC,statcoulomb,,,electrostatic,,
franklin,statcoulomb,,,electrostatic,,
Fr,franklin,,,electrostatic,,
statamp,statampere,,,electrostatic,,
statA,statampere,,,electrostatic,,
stA,statampere,,,electrostatic,,
statV,statvolt,,,electrostatic,,
stV,statvolt,,,electrostatic,,
statF,statfarad,,,electrostatic,,
stF,statfarad,,,electrostatic,,
cmcapacitance,statfarad,,,electrostatic,,
statH,stathenry,,,electrostatic,,
stH,stathenry,,,electrostatic,,
stohm,statohm,,,electrostatic,,
statmho,/statohm,,,electrostatic,,
stmho,statmho,,,electrostatic,,
statweber,sec,statvolt,,electrostatic,,
statWb,statweber,,,electrostatic,,
stWb,statweber,,,electrostatic,,
stattesla,statWb/cm^2,,Defined by analogy with SI; rarely,electrostatic,,
statT,stattesla,,if ever used,electrostatic,,
stT,stattesla,,,electrostatic,,
helmholtz,debye/angstrom^2,,Dipole moment per area,electrostatic,,
jar,statfarad,1000,approx capacitance of Leyden jar,electrostatic,,
abampere,A,10,Current which produces a force of,electrostatic,,
abamp,abampere,,2 dyne/cm between two infinitely,electrostatic,,
abA,abampere,,,electrostatic,,
biot,abampere,,,electrostatic,,
Bi,biot,,,electrostatic,,
abcoulomb,sec,abamp,,electrostatic,,
abcoul,abcoulomb,,,electrostatic,,
abC,abcoulomb,,,electrostatic,,
abF,abfarad,,,electrostatic,,
abH,abhenry,,,electrostatic,,
abV,abvolt,,,electrostatic,,
abmho,/abohm,,,electrostatic,,
Gs,gauss,,carrying a current of 1 abampere,electrostatic,,
maxwell,cm^2,gauss,"Also called the ""line""",electrostatic,,
Mx,maxwell,,,electrostatic,,
Oe,oersted,,,electrostatic,,
Gb,gilbert,,,electrostatic,,
Gi,gilbert,,,electrostatic,,
emu,erg/gauss,,"""electro-magnetic unit"", a measure of",electrostatic,,
intampere,A,0.999835,Defined as the current which in one,electrostatic,,
intamp,intampere,,second deposits .001118 gram of,electrostatic,,
intfarad,F,0.999505,,electrostatic,,
intvolt,V,1.00033,,electrostatic,,
intohm,ohm,1.000495,Defined as the resistance of a,electrostatic,,
daniell,V,1.042,Meant to be electromotive force of a,electrostatic,,
faraday_phys,C,96521.9,liberate one gram equivalent of any,electrostatic,,
faraday_chem,C,96495.7,element.  (The chemical and physical,electrostatic,,
kappline,maxwell,6000,Named by and for Gisbert Kapp,electrostatic,,
siemensunit,ohm,0.9534,Resistance of a meter long column of,electrostatic,,
geometricpace,ft,5,distance between points where the same,human,,
pace,ft,2.5,distance between points where alternate,human,,
USmilitarypace,in,30,United States official military pace,human,,
USdoubletimepace,in,36,United States official doubletime pace,human,,
fingerbreadth,in,7|8,The finger is defined as either the width,human,,
fingerlength,in,4.5,or length of the finger,human,,
finger,fingerbreadth,,,human,,
palmwidth,hand,,The palm is a unit defined as either the width,human,,
palmlength,in,8,or the length of the hand,human,,
hand,inch,4,width of hand,human,,
shaftment,inch,6,Distance from tip of outstretched thumb to the,human,,
IACS,copperconductivity,,a 1 mm^2 cross section,conductivity,,
copperdensity,g/cm^3,8.89,"The ""ounce"" measures the",conductivity,,
ozcu,ouncecopper,,in circuitboard fabrication,conductivity,,
pi,3.14159265358979323846,,,constants,,
π,pi,,,constants,,
c,m/s,2.99792458e8,speed of light in vacuum (exact),constants,,
light,c,,,constants,,
epsilon0,c^2,1/mu0,permittivity of vacuum (exact),constants,,
energy,c^2,,convert mass to energy,constants,,
e,C,1.6021766208e-19,electron charge,constants,,
eV,V,e,Energy acquired by a particle with charge e,constants,,
electronvolt,eV,,when it is accelerated through 1 V,constants,,
spin,hbar,,,constants,,
atomicmassunit,kg,1.660539040e-27,atomic mass unit (defined to be,constants,,
u,atomicmassunit,,1|12 of the mass of carbon 12),constants,,
amu,atomicmassunit,,,constants,,
amu_chem,kg,1.66026e-27,1|16 of the weighted average mass of,constants,,
amu_phys,kg,1.65981e-27,1|16 of the mass of a neutral,constants,,
dalton,u,,Maybe this should be amu_chem?,constants,,
avogadro,mol,grams/amu,size of a mole,constants,,
N_A,avogadro,,,constants,,
gasconstant,N_A,k,molar gas constant,constants,,
R,gasconstant,,,constants,,
boltzmann,J/K,1.38064852e-23,Boltzmann constant,constants,,
k,boltzmann,,,constants,,
kboltzmann,boltzmann,,,constants,,
sigma,stefanboltzmann,,blackbody at temperature T is,constants,,
K_J90,GHz/V,483597.9,Direct measurement of the volt is difficult.  Until,constants,,
K_J,GHz/V,483597.8525,"recently, laboratories kept Weston cadmium cells as",constants,,
R_K90,ohm,25812.807,Measurement of the ohm also presents difficulties.,constants,,
R_K,ohm,25812.8074555,The old approach involved maintaining resistances,constants,,
gravity,m/s^2,9.80665,std acceleration of gravity (exact),constants,,
force,gravity,,use to turn masses into forces,constants,,
atm,Pa,101325,Standard atmospheric pressure,constants,,
atmosphere,atm,,,constants,,
water,force/cm^3,gram,Standard weight of water (exact),constants,,
H2O,water,,,constants,,
wc,water,,water column,constants,,
mach,m/s,331.46,speed of sound in dry air at STP,constants,,
standardtemp,K,273.15,standard temperature,constants,,
stdtemp,standardtemp,,,constants,,
normaltemp,tempF(70),,"for gas density, from NIST",constants,,
normtemp,normaltemp,,Handbook 44,constants,,
inch,cm,2.54,,constants,,
in,inch,,,constants,,
foot,inch,12,,constants,,
feet,foot,,,constants,,
ft,foot,,,constants,,
Rinfinity,/m,10973731.568539,The wavelengths of a spectral series,constants,,
R_H,/m,10967760,can be expressed as,constants,,
alpha,7.2973525664e-3,,The fine structure constant was,constants,,
prout,keV,185.5,nuclear binding energy equal to 1|12,constants,,
planckmass,kg,2.17651e-8,sqrt(hbar c / G),constants,,
m_P,planckmass,,,constants,,
t_P,plancktime,,,constants,,
plancklength,c,plancktime,,constants,,
l_P,plancklength,,,constants,,
deuteronchargeradius,m,2.1413e-15,,constants,,
protonchargeradius,m,0.8751e-15,,constants,,
electronmass,u,5.48579909070e-4,,constants,,
m_e,electronmass,,,constants,,
protonmass,u,1.007276466879,,constants,,
m_p,protonmass,,,constants,,
neutronmass,u,1.00866491588,,constants,,
m_n,neutronmass,,,constants,,
muonmass,u,0.1134289257,,constants,,
m_mu,muonmass,,,constants,,
deuteronmass,u,2.013553212745,,constants,,
m_d,deuteronmass,,,constants,,
alphaparticlemass,u,4.001506179127,,constants,,
m_alpha,alphaparticlemass,,,constants,,
taumass,u,1.90749,,constants,,
m_tau,taumass,,,constants,,
tritonmass,u,3.01550071632,,constants,,
m_t,tritonmass,,,constants,,
helionmass,u,3.01493224673,,constants,,
m_h,helionmass,,,constants,,
lambda_C,electronwavelength,,,constants,,
lambda_Cp,protonwavelength,,,constants,,
lambda_Cn,neutronwavelength,,,constants,,
mu_B,bohrmagneton,,,constants,,
mu_N,nuclearmagneton,,,constants,,
mu_mu,J/T,-4.49044826e-26,Muon magnetic moment,constants,,
mu_p,J/T,1.4106067873e-26,Proton magnetic moment,constants,,
mu_e,J/T,-928.4764620e-26,Electron magnetic moment,constants,,
mu_n,J/T,-0.96623650e-26,Neutron magnetic moment,constants,,
mu_d,J/T,0.4330735040e-26,Deuteron magnetic moment,constants,,
mu_t,J/T,1.504609503e-26,Triton magnetic moment,constants,,
mu_h,J/T,-1.074617522e-26,Helion magnetic moment,constants,,
kgf,force,kg,,constants,,
at,technicalatmosphere,,,constants,,
mmHg,Hg,mm,,constants,,
tor,Pa,,Suggested in 1913 but seldom used [24].,constants,,
inHg,Hg,inch,,constants,,
inH2O,water,inch,,constants,,
mmH2O,water,mm,,constants,,
lightyear,julianyear,c,The 365.25 day year is specified in,constants,,
ly,lightyear,,NIST publication 811,constants,,
lightsecond,s,c,,constants,,
lightminute,min,c,,constants,,
crith,gram,0.089885,The crith is the mass of one,constants,,
amagatvolume,molarvolume,,,constants,,
amagat,mol/amagatvolume,,Used to measure gas densities,constants,,
invcm,cminv,,spectroscopy.,constants,,
wavenumber,cminv,,,constants,,
dyn,dyne,,,constants,,
erg,dyne,cm,energy,constants,,
P,poise,,,constants,,
rhe,/poise,,reciprocal viscosity,constants,,
St,stokes,,,constants,,
stoke,stokes,,,constants,,
lentor,stokes,,old name,constants,,
galileo,Gal,,for earth's gravitational field,constants,,
barye,dyne/cm^2,,pressure,constants,,
barad,barye,,old name,constants,,
kayser,1/cm,,Proposed as a unit for wavenumber,constants,,
balmer,kayser,,"Even less common name than ""kayser""",constants,,
kine,cm/s,,velocity,constants,,
pond,force,gram,,constants,,
ray,acousticalohm,,,constants,,
eotvos,Gal/cm,1e-9,Change in gravitational acceleration,constants,,
sec,s,,,time,,
minute,s,60,,time,,
min,minute,,,time,,
hour,min,60,,time,,
h,hour,,,time,,
hr,hour,,,time,,
day,hr,24,,time,,
d,day,,,time,,
da,day,,,time,,
week,day,7,,time,,
wk,week,,,time,,
sennight,day,7,,time,,
fortnight,day,14,,time,,
blink,day,1e-5,Actual human blink takes 1|3 second,time,,
ce,day,1e-2,,time,,
cron,years,1e6,,time,,
watch,hours,4,time a sentry stands watch or a ship's,time,,
bell,watch,1|8,Bell would be sounded every 30 minutes.,time,,
decimalhour,day,1|10,,time,,
decimalminute,decimalhour,1|100,,time,,
decimalsecond,decimalminute,1|100,,time,,
beat,decimalminute,,Swatch Internet Time,time,,
N,newton,,,derived,,
pascal,N/m^2,,pressure or stress,derived,,
Pa,pascal,,,derived,,
joule,m,N,energy,derived,,
J,joule,,,derived,,
watt,J/s,,power,derived,,
W,watt,,,derived,,
coulomb,s,A,charge,derived,,
C,coulomb,,,derived,,
volt,W/A,,potential difference,derived,,
V,volt,,,derived,,
ohm,V/A,,electrical resistance,derived,,
siemens,A/V,,electrical conductance,derived,,
S,siemens,,,derived,,
farad,C/V,,capacitance,derived,,
F,farad,,,derived,,
weber,s,V,magnetic flux,derived,,
Wb,weber,,,derived,,
H,henry,,,derived,,
tesla,Wb/m^2,,magnetic flux density,derived,,
T,tesla,,,derived,,
hertz,/s,,frequency,derived,,
Hz,hertz,,,derived,,
LENGTH,meter,,,derived,,
AREA,LENGTH^2,,,derived,,
VOLUME,LENGTH^3,,,derived,,
MASS,kilogram,,,derived,,
AMOUNT,mole,,,derived,,
ANGLE,radian,,,derived,,
SOLID_ANGLE,steradian,,,derived,,
MONEY,US$,,,derived,,
FORCE,newton,,,derived,,
FREQUENCY,hertz,,,derived,,
CURRENT,ampere,,,derived,,
CHARGE,coulomb,,,derived,,
CAPACITANCE,farad,,,derived,,
RESISTANCE,ohm,,,derived,,
CONDUCTANCE,siemens,,,derived,,
INDUCTANCE,henry,,,derived,,
B_FIELD,tesla,,,derived,,
ELECTRIC_DIPOLE_MOMENT,m,C,,derived,,
ELECTRIC_POTENTIAL,volt,,,derived,,
VOLTAGE,ELECTRIC_POTENTIAL,,,derived,,
E_FLUX,AREA,E_FIELD,,derived,,
D_FLUX,AREA,D_FIELD,,derived,,
B_FLUX,AREA,B_FIELD,,derived,,
H_FLUX,AREA,H_FIELD,,derived,,
gram,millikg,,,derived,,
gm,gram,,,derived,,
g,gram,,,derived,,
tonne,kg,1000,,derived,,
t,tonne,,,derived,,
metricton,tonne,,,derived,,
funal,sthene,,,derived,,
quintal,kg,100,,derived,,
bar,Pa,1e5,About 1 atm,derived,,
b,bar,,,derived,,
vac,millibar,,,derived,,
micron,micrometer,,One millionth of a meter,derived,,
bicron,picometer,,One brbillionth of a meter,derived,,
cc,cm^3,,,derived,,
are,m^2,100,,derived,,
a,are,,,derived,,
liter,cc,1000,The liter was defined in 1901 as the,derived,,
oldliter,dm^3,1.000028,space occupied by 1 kg of pure water at,derived,,
L,liter,,the temperature of its maximum density,derived,,
l,liter,,under a pressure of 1 atm.  This was,derived,,
mho,siemens,,"Inverse of ohm, hence ohm spelled backward",derived,,
galvat,ampere,,Named after Luigi Galvani,derived,,
angstrom,m,1e-10,Convenient for describing molecular sizes,derived,,
xunit,xunit_cu,,Used for measuring x-ray wavelengths.,derived,,
siegbahn,xunit,,Originally defined to be 1|3029.45 of,derived,,
xunit_cu,m,1.00207697e-13,the spacing of calcite planes at 18,derived,,
xunit_mo,m,1.00209952e-13,degC.  It was intended to be exactly,derived,,
angstromstar,angstrom,1.00001495,Defined by JA Bearden in 1965,derived,,
fermi,m,1e-15,Convenient for describing nuclear sizes,derived,,
barn,m^2,1e-28,Used to measure cross section for,derived,,
shed,barn,1e-24,Defined to be a smaller companion to the,derived,,
brewster,micron^2/N,,measures stress-optical coef,derived,,
diopter,/m,,measures reciprocal of lens focal length,derived,,
fresnel,Hz,1e12,occasionally used in spectroscopy,derived,,
shake,sec,1e-8,,derived,,
svedberg,s,1e-13,Used for measuring the sedimentation,derived,,
gamma,microgram,,Also used for 1e-9 tesla,derived,,
lambda,microliter,,,derived,,
spat,m,1e12,Rarely used for astronomical measurements,derived,,
planck,s,J,action of one joule over one second,derived,,
sturgeon,/henry,,magnetic reluctance,derived,,
daraf,1/farad,,elastance (farad spelled backwards),derived,,
leo,m/s^2,10,,derived,,
mayer,K,J/g,specific heat,derived,,
mired,microK,/,reciprocal color temperature.  The name,derived,,
crocodile,megavolt,,used informally in UK physics labs,derived,,
metricounce,g,25,,derived,,
mounce,metricounce,,,derived,,
finsenunit,W/m^2,1e5,Measures intensity of ultraviolet light,derived,,
jansky,fluxunit,,K. G. Jansky identified radio waves coming,derived,,
Jy,jansky,,from outer space in 1931.,derived,,
katal,mol/sec,,Measure of the amount of a catalyst.  One,derived,,
kat,katal,,katal of catalyst enables the reaction,derived,,
solarluminosity,W,382.8e24,A common yardstick for comparing the,derived,,
TEMPERATURE,kelvin,,,temperature,,
TEMPERATURE_DIFFERENCE,kelvin,,,temperature,,
tempcelsius(),tempC,,,temperature,,true
degcelsius,K,,,temperature,,true
degC,K,,,temperature,,true
tempfahrenheit(),tempF,,,temperature,,true
degreesrankine,degF,,The Rankine scale has the,temperature,,true
degrankine,degreesrankine,,"Fahrenheit degree, but its zero",temperature,,true
degreerankine,degF,,is at absolute zero.,temperature,,true
degR,degrankine,,,temperature,,true
tempR,degrankine,,,temperature,,true
temprankine,degrankine,,,temperature,,true
degK,K,,"""Degrees Kelvin"" is forbidden usage.",temperature,,true
tempK,K,,For consistency,temperature,,true
degree,circle,1|360,,angles,,
deg,degree,,,angles,,
arcdeg,degree,,,angles,,
arcmin,degree,1|60,,angles,,
arcminute,arcmin,,,angles,,
',arcmin,,,angles,,
arcsec,arcmin,1|60,,angles,,
arcsecond,arcsec,,,angles,,
"""",arcsec,,,angles,,
'',"""",,,angles,,
rightangle,degrees,90,,angles,,
quadrant,circle,1|4,,angles,,
quintant,circle,1|5,,angles,,
sextant,circle,1|6,,angles,,
sign,circle,1|12,Angular extent of one sign of the zodiac,angles,,
turn,circle,,,angles,,
revolution,turn,,,angles,,
rev,turn,,,angles,,
gon,rightangle,1|100,measure of grade,angles,,
grade,gon,,,angles,,
centesimalminute,grade,1|100,,angles,,
centesimalsecond,centesimalminute,1|100,,angles,,
milangle,circle,1|6400,Official NIST definition.,angles,,
pointangle,circle,1|32,Used for reporting compass readings,angles,,
centrad,radian,0.01,Used for angular deviation of light,angles,,
mas,milliarcsec,,Used by astronomers,angles,,
seclongitude,(seconds/day),circle,Astronomers measure longitude,angles,,
squareminute,squaredegree,1|60^2,,angles,,
squaresecond,squareminute,1|60^2,,angles,,
squarearcmin,squareminute,,,angles,,
squarearcsec,squaresecond,,,angles,,
percent,0.01,,,concentration,,
%,percent,,,concentration,,
mill,0.001,,Originally established by Congress in 1791,concentration,,
proof,1|200,,Alcohol content measured by volume at,concentration,,
ppm,1e-6,,,concentration,,
partspermillion,ppm,,,concentration,,
ppb,1e-9,,,concentration,,
partsperbillion,ppb,,USA billion,concentration,,
ppt,1e-12,,,concentration,,
partspertrillion,ppt,,USA trillion,concentration,,
karat,1|24,,measure of gold purity,concentration,,
caratgold,karat,,,concentration,,
gammil,mg/l,,,concentration,,
basispoint,%,0.01,Used in finance,concentration,,
fine,1|1000,,Measure of gold purity,concentration,,
tbl,tablespoon,,,cooking,,
tbsp,tablespoon,,,cooking,,
tblsp,tablespoon,,,cooking,,
Tb,tablespoon,,,cooking,,
tsp,teaspoon,,,cooking,,
saltspoon,tsp,1|4,,cooking,,
uscup,usfloz,8,,cooking,,
ustablespoon,uscup,1|16,,cooking,,
usteaspoon,ustablespoon,1|3,,cooking,,
ustbl,ustablespoon,,,cooking,,
ustbsp,ustablespoon,,,cooking,,
ustblsp,ustablespoon,,,cooking,,
ustsp,usteaspoon,,,cooking,,
metriccup,ml,250,,cooking,,
stickbutter,lb,1|4,Butter in the USA is sold in one,cooking,,
legalcup,ml,240,The cup used on nutrition labeling,cooking,,
legaltablespoon,legalcup,1|16,,cooking,,
legaltbsp,legaltablespoon,,,cooking,,
number1can,usfloz,10,,cooking,,true
number2can,usfloz,19,,cooking,,true
number2_5can,uscups,3.5,,cooking,,true
number3can,uscups,4,,cooking,,true
number5can,uscups,7,,cooking,,true
number10can,usfloz,105,,cooking,,true
brcup,brpint,1|2,,cooking,,true
brteacup,brpint,1|3,,cooking,,true
brtablespoon,ml,15,"Also 5|8 brfloz, approx 17.7 ml",cooking,,true
brteaspoon,brtablespoon,1|3,Also 1|4 brtablespoon,cooking,,true
brdessertspoon,brteaspoon,2,,cooking,,true
dessertspoon,brdessertspoon,,,cooking,,true
dsp,dessertspoon,,,cooking,,true
brtsp,brteaspoon,,,cooking,,true
brtbl,brtablespoon,,,cooking,,true
brtbsp,brtablespoon,,,cooking,,true
brtblsp,brtablespoon,,,cooking,,true
australiatablespoon,ml,20,,cooking,,true
austbl,australiatablespoon,,,cooking,,true
austbsp,australiatablespoon,,,cooking,,true
austblsp,australiatablespoon,,,cooking,,true
australiateaspoon,australiatablespoon,1|4,,cooking,,true
austsp,australiateaspoon,,,cooking,,true
etto,g,100,Used for buying items like meat and,cooking,,true
etti,etto,,cheese.,cooking,,true
catty,kg,0.5,,cooking,,true
oldcatty,lbs,4|3,Before metric conversion.,cooking,,true
tael,oldcatty,1|16,Should the tael be defined both ways?,cooking,,true
mace,tael,0.1,,cooking,,true
oldpicul,oldcatty,100,,cooking,,true
picul,catty,100,Chinese usage,cooking,,true
seer,grain,14400,British Colonial standard,cooking,,true
ser,seer,,,cooking,,true
maund,seer,40,,cooking,,true
pakistanseer,kg,1,,cooking,,true
pakistanmaund,pakistanseer,40,,cooking,,true
chittak,seer,1|16,,cooking,,true
tola,chittak,1|5,,cooking,,true
ollock,liter,1|4,Is this right?,cooking,,true
japancup,ml,200,,cooking,,true
butter,oz/uscup,8,,cooking,,true
butter_clarified,oz/uscup,6.8,,cooking,,true
cocoa_butter,oz/uscup,9,,cooking,,true
shortening,oz/uscup,6.75,vegetable shortening,cooking,,true
oil,oz/uscup,7.5,,cooking,,true
cakeflour_sifted,oz/uscup,3.5,The density of flour depends on the,cooking,,true
cakeflour_spooned,oz/uscup,4,"measuring method.  ""Scooped"",  or",cooking,,true
cakeflour_scooped,oz/uscup,4.5,"""dip and sweep"" refers to dipping a",cooking,,true
flour_sifted,oz/uscup,4,"measure into a bin, and then sweeping",cooking,,true
flour_spooned,oz/uscup,4.25,"the excess off the top.  ""Spooned""",cooking,,true
flour_scooped,oz/uscup,5,means to lightly spoon into a measure,cooking,,true
breadflour_sifted,oz/uscup,4.25,and then sweep the top.  Sifted means,cooking,,true
breadflour_spooned,oz/uscup,4.5,sifting the flour directly into a,cooking,,true
breadflour_scooped,oz/uscup,5.5,measure and then sweeping the top.,cooking,,true
cornstarch,grams/uscup,120,,cooking,,true
dutchcocoa_sifted,g/uscup,75,These are for Dutch processed cocoa,cooking,,true
dutchcocoa_spooned,g/uscup,92,,cooking,,true
dutchcocoa_scooped,g/uscup,95,,cooking,,true
cocoa_sifted,g/uscup,75,These are for nonalkalized cocoa,cooking,,true
cocoa_spooned,g/uscup,82,,cooking,,true
cocoa_scooped,g/uscup,95,,cooking,,true
heavycream,g/uscup,232,,cooking,,true
milk,g/uscup,242,,cooking,,true
sourcream,g/uscup,242,,cooking,,true
molasses,oz/uscup,11.25,,cooking,,true
cornsyrup,oz/uscup,11.5,,cooking,,true
honey,oz/uscup,11.75,,cooking,,true
sugar,g/uscup,200,,cooking,,true
powdered_sugar,oz/uscup,4,,cooking,,true
brownsugar_light,g/uscup,217,packed,cooking,,true
brownsugar_dark,g/uscup,239,,cooking,,true
egg,grams,50,without shell,cooking,,true
eggwhite,grams,30,,cooking,,true
eggyolk,grams,18.6,,cooking,,true
eggwhitevolume,ustablespoons,2,,cooking,,true
eggyolkvolume,ustsp,3.5,,cooking,,true
ethanoldensity,g/cm^3,0.7893,"From CRC Handbook, 91st Edition",cooking,,true
alcoholdensity,ethanoldensity,,,cooking,,true
brix(~sugar_conc_bpe(T-tempC(100))),;\,,,cooking,,true
brix(~sugar_conc_bpe(tempF(T)+-tempC(100))),;\,,,cooking,,true
brix(~sugar_conc_bpe(tempC(T)+-tempC(100))),;\,,,cooking,,true
baumeconst,145,,US value,cooking,,true
pdl,poundal,,,imperial,,
psia,psi,,absolute pressure,imperial,,
reyn,sec,psi,,imperial,,
slugf,force,slug,,imperial,,
slinchf,force,slinch,pound-force system.  Used in space,imperial,,
geepound,slug,,,imperial,,
lbf,force,lb,,imperial,,
tonf,force,ton,,imperial,,
lbm,lb,,,imperial,,
kip,lbf,1000,from kilopound,imperial,,
mil,inch,0.001,,imperial,,
thou,inch,0.001,,imperial,,
tenth,inch,0.0001,one tenth of one thousandth of an inch,imperial,,
millionth,inch,1e-6,one millionth of an inch,imperial,,
circleinch,circularinch,,A circle with diameter d inches has,imperial,,
cylinderinch,inch,circleinch,"Cylinder h inch tall, d inches diameter",imperial,,
cmil,circularmil,,,imperial,,
cental,pound,100,,imperial,,
centner,cental,,,imperial,,
caliber,inch,0.01,for measuring bullets,imperial,,
duty,lbf,ft,,imperial,,
australiapoint,inch,0.01,"The ""point"" is used to measure rainfall",imperial,,
sabin,ft^2,,Measure of sound absorption equal to the,imperial,,
flag,ft^2,5,Construction term referring to sidewalk.,imperial,,
rollwallpaper,ft^2,30,Area of roll of wall paper,imperial,,
pinlength,inch,1|16,A,imperial,,
buttonline,inch,1|40,The line was used in 19th century USA,imperial,,
beespace,inch,1|4,Bees will fill any space that is smaller,imperial,,
diamond,ft,8|5,Marking on US tape measures that is,imperial,,
retmaunit,in,1.75,Height of rack mountable equipment.,imperial,,
U,retmaunit,,Equipment should be 1|32 inch narrower,imperial,,
RU,U,,than its U measurement indicates to,imperial,,
count,pound,per,For measuring the size of shrimp,imperial,,
ENERGY,joule,,,energy,,
WORK,joule,,,energy,,
calorie,cal_th,,Default is the thermochemical calorie,energy,,
cal,calorie,,,energy,,
calorie_th,J,4.184,"Thermochemical calorie, defined in 1930",energy,,
thermcalorie,calorie_th,,by Frederick Rossini as 4.1833 J to,energy,,
cal_th,calorie_th,,avoid difficulties associated with the,energy,,
calorie_IT,J,4.1868,"International (Steam) Table calorie,",energy,,
cal_IT,calorie_IT,,defined in 1929 as watt-hour/860 or,energy,,
calorie_15,J,4.18580,Energy to go from 14.5 to 15.5 degC,energy,,
cal_15,calorie_15,,,energy,,
calorie_fifteen,cal_15,,,energy,,
calorie_20,J,4.18190,Energy to go from 19.5 to 20.5 degC,energy,,
cal_20,calorie_20,,,energy,,
calorie_twenty,calorie_20,,,energy,,
calorie_4,J,4.204,Energy to go from 3.5 to 4.5 degC,energy,,
cal_4,calorie_4,,,energy,,
calorie_four,calorie_4,,,energy,,
cal_mean,J,4.19002,1|100 energy to go from 0 to 100 degC,energy,,
Calorie,kilocalorie,,the food Calorie,energy,,
thermie,cal_15,1e6,Heat required to raise the,energy,,
btu,btu_IT,,International Table BTU is the default,energy,,
britishthermalunit,btu,,,energy,,
btu_ISO,J,1055.06,"Exact, rounded ISO definition based",energy,,
quad,btu,quadrillion,,energy,,
ECtherm,btu_ISO,1e5,Exact definition,energy,,
UStherm,J,1.054804e8,"Exact definition,",energy,,
therm,UStherm,,,energy,,
water_vaporization_heat,J/g,2256.4,"At saturation, 100 deg C, 101.42 kPa",energy,,
water_specificheat,specificheat_water,,,energy,,
tonoil,cal_IT,1e10,Ton oil equivalent.  A conventional,energy,,
toe,tonoil,,"burning one metric ton of oil. [18,E2]",energy,,
toncoal,cal_IT,7e9,Energy in metric ton coal from [18].,energy,,
barreloil,Mbtu,5.8,Conventional value for barrel of crude,energy,,
naturalgas_HHV,btu/ft^3,1027,Energy content of natural gas.  HHV,energy,,
naturalgas_LHV,btu/ft^3,930,is for Higher Heating Value and,energy,,
naturalgas,naturalgas_HHV,,includes energy from condensation,energy,,
charcoal,GJ/tonne,30,,energy,,
woodenergy_dry,GJ/tonne,20,"HHV, a cord weights about a tonne",energy,,
woodenergy_airdry,GJ/tonne,15,20% moisture content,energy,,
ethanol_HHV,btu/usgallon,84000,,energy,,
ethanol_LHV,btu/usgallon,75700,,energy,,
diesel,btu/usgallon,130500,,energy,,
gasoline_LHV,btu/usgallon,115000,,energy,,
gasoline_HHV,btu/usgallon,125000,,energy,,
gasoline,gasoline_HHV,,,energy,,
heating,MJ/liter,37.3,,energy,,
fueloil,MJ/liter,39.7,low sulphur,energy,,
propane,MJ/m^3,93.3,,energy,,
butane,MJ/m^3,124,,energy,,
uranium_natural,uranium_pure,0.7%,Natural uranium: 0.7% U-235,energy,,
chu,celsiusheatunit,,,energy,,
POWER,watt,,,energy,,
VA,ampere,volt,,energy,,
kWh,hour,kilowatt,,energy,,
mechanicalhorsepower,horsepower,,,energy,,
hp,horsepower,,,energy,,
electrichorsepower,W,746,Germany,energy,,
boilerhorsepower,W,9809.50,,energy,,
waterhorsepower,W,746.043,,energy,,
brhorsepower,W,745.70,,energy,,
donkeypower,W,250,,energy,,
chevalvapeur,metrichorsepower,,,energy,,
THERMAL_RESISTIVITY,1/THERMAL_CONDUCTIVITY,,,energy,,
THERMAL_RESISTANCE,1/THERMAL_CONDUCTANCE,,,energy,,
THERMAL_INSULANCE,LENGTH,THERMAL_RESISTIVITY,,energy,,
THERMAL_INSULATION,LENGTH,THERMAL_RESISTIVITY,,energy,,
Uvalue,1/Rvalue,,,energy,,
dB(),decibel,,Abbreviation,energy,,true
clausius,cal/K,1e3,A unit of physical entropy,energy,,true
langley,thermcalorie/cm^2,,Used in radiation theory,energy,,true
tonref,tonrefrigeration,,,energy,,true
frigorie,cal_15,1000,Used in refrigeration engineering.,energy,,true
fatman,nagasaki,,,energy,,true
littleboy,hiroshima,,,energy,,true
gadget,trinity,,,energy,,true
perm_zero,perm_0C,,,energy,,true
perm_0,perm_0C,,,energy,,true
perm,perm_0C,,,energy,,true
perm_twentythree,perm_23C,,,energy,,true
pair,2,,,count,,
brace,2,,,count,,
nest,3,,often used for items like bowls that,count,,
hattrick,3,,"Used in sports, especially cricket and ice",count,,
dicker,10,,,count,,
dozen,12,,,count,,
bakersdozen,13,,,count,,
score,20,,,count,,
flock,40,,,count,,
timer,40,,,count,,
shock,60,,,count,,
toncount,100,,Used in sports in the UK,count,,
longhundred,120,,From a germanic counting system,count,,
gross,144,,,count,,
greatgross,gross,12,,count,,
tithe,1|10,,From Anglo-Saxon word for tenth,count,,
shortquire,24,,,paper,,
quire,25,,,paper,,
shortream,480,,,paper,,
ream,500,,,paper,,
perfectream,516,,,paper,,
bundle,reams,2,,paper,,
bale,bundles,5,,paper,,
lbbook,poundbookpaper,,,paper,,
poundtextpaper,poundbookpaper,,,paper,,
lbtext,poundtextpaper,,,paper,,
poundoffsetpaper,poundbookpaper,,For offset printing,paper,,
lboffset,poundoffsetpaper,,,paper,,
poundbiblepaper,poundbookpaper,,"Designed to be lightweight, thin,",paper,,
lbbible,poundbiblepaper,,strong and opaque.,paper,,
lbtag,poundtagpaper,,,paper,,
poundbagpaper,poundtagpaper,,,paper,,
lbbag,poundbagpaper,,,paper,,
poundnewsprintpaper,poundtagpaper,,,paper,,
lbnewsprint,poundnewsprintpaper,,,paper,,
poundposterpaper,poundtagpaper,,,paper,,
lbposter,poundposterpaper,,,paper,,
poundtissuepaper,poundtagpaper,,,paper,,
lbtissue,poundtissuepaper,,,paper,,
poundwrappingpaper,poundtagpaper,,,paper,,
lbwrapping,poundwrappingpaper,,,paper,,
poundwaxingpaper,poundtagpaper,,,paper,,
lbwaxing,poundwaxingpaper,,,paper,,
poundglassinepaper,poundtagpaper,,,paper,,
lbglassine,poundglassinepaper,,,paper,,
lbcover,poundcoverpaper,,,paper,,
lbindex,poundindexpaper,,,paper,,
poundindexbristolpaper,poundindexpaper,,,paper,,
lbindexbristol,poundindexpaper,,,paper,,
lbbond,poundbondpaper,,durable for repeated,paper,,
poundwritingpaper,poundbondpaper,,"filing, and it resists",paper,,
lbwriting,poundwritingpaper,,ink penetration.,paper,,
poundledgerpaper,poundbondpaper,,,paper,,
lbledger,poundledgerpaper,,,paper,,
poundcopypaper,poundbondpaper,,,paper,,
lbcopy,poundcopypaper,,,paper,,
lbblotting,poundblottingpaper,,,paper,,
lbblanks,poundblankspaper,,,paper,,
lbpostcard,poundpostcardpaper,,,paper,,
poundweddingbristol,poundpostcardpaper,,,paper,,
lbweddingbristol,poundweddingbristol,,,paper,,
poundbristolpaper,poundweddingbristol,,,paper,,
lbbristol,poundbristolpaper,,,paper,,
lbboxboard,poundboxboard,,,paper,,
poundpaperboard,poundboxboard,,,paper,,
lbpaperboard,poundpaperboard,,,paper,,
pointthickness,in,0.001,,paper,,
paperdensity,g/cm^3,0.8,approximate--paper densities vary!,paper,,
papercaliper,paperdensity,in,,paper,,
paperpoint,paperdensity,pointthickness,,paper,,
olddidotpoint,frenchinch,1|72,"François Ambroise Didot, one of",print,,
bertholdpoint,m,1|2660,H. Berthold tried to create a,print,,
INpoint,mm,0.4,This point was created by a,print,,
germandidotpoint,mm,0.376065,Exact definition appears in DIN,print,,
metricpoint,mm,3|8,Proposed in 1977 by Eurograf,print,,
oldpoint,inch,1|72.27,The American point was invented,print,,
printerspoint,oldpoint,,by Nelson Hawks in 1879 and,print,,
texpoint,oldpoint,,dominates USA publishing.,print,,
texscaledpoint,texpoint,1|65536,The TeX typesetting system uses,print,,
texsp,texscaledpoint,,this for all computations.,print,,
computerpoint,inch,1|72,The American point was rounded,print,,
point,computerpoint,,,print,,
computerpica,computerpoint,12,to an even 1|72 inch by computer,print,,
postscriptpoint,computerpoint,,people at some point.,print,,
pspoint,postscriptpoint,,,print,,
twip,point,1|20,TWentieth of an Imperial Point,print,,
Q,mm,1|4,Used in Japanese phototypesetting,print,,
frenchprinterspoint,olddidotpoint,,,print,,
didotpoint,germandidotpoint,,This seems to be the dominant value,print,,
europeanpoint,didotpoint,,for the point used in Europe,print,,
cicero,didotpoint,12,,print,,
stick,in,2,,print,,
excelsior,oldpoint,3,,print,,
brilliant,oldpoint,3.5,,print,,
diamondtype,oldpoint,4,,print,,
pearl,oldpoint,5,,print,,
agate,oldpoint,5.5,Originally agate type was 14 lines per,print,,
ruby,agate,,British,print,,
nonpareil,oldpoint,6,,print,,
mignonette,oldpoint,6.5,,print,,
emerald,mignonette,,British,print,,
minion,oldpoint,7,,print,,
brevier,oldpoint,8,,print,,
bourgeois,oldpoint,9,,print,,
longprimer,oldpoint,10,,print,,
smallpica,oldpoint,11,,print,,
pica,oldpoint,12,,print,,
english,oldpoint,14,,print,,
columbian,oldpoint,16,,print,,
greatprimer,oldpoint,18,,print,,
paragon,oldpoint,20,,print,,
meridian,oldpoint,44,,print,,
canon,oldpoint,48,,print,,
nonplusultra,didotpoint,2,,print,,
brillant,didotpoint,3,,print,,
diamant,didotpoint,4,,print,,
perl,didotpoint,5,,print,,
nonpareille,didotpoint,6,,print,,
kolonel,didotpoint,7,,print,,
petit,didotpoint,8,,print,,
borgis,didotpoint,9,,print,,
korpus,didotpoint,10,,print,,
corpus,korpus,,,print,,
garamond,korpus,,,print,,
mittel,didotpoint,14,,print,,
tertia,didotpoint,16,,print,,
text,didotpoint,18,,print,,
kleine_kanon,didotpoint,32,,print,,
kanon,didotpoint,36,,print,,
grobe_kanon,didotpoint,42,,print,,
missal,didotpoint,48,,print,,
kleine_sabon,didotpoint,72,,print,,
grobe_sabon,didotpoint,84,,print,,
INFORMATION,bit,,,information,,
nat,bits,(1/0.693147180559945),Entropy measured base e,information,,
hartley,bits,3.321928094887363,Entropy of a uniformly,information,,
ban,hartley,,distributed random variable,information,,
dit,hartley,,from Decimal digIT,information,,
bps,bit/sec,,"Sometimes the term ""baud"" is",information,,
octet,bits,8,The octet is always 8 bits,information,,
nybble,bits,4,Half of a byte. Sometimes,information,,
nibble,nybble,,,information,,
nyp,bits,2,Donald Knuth asks in an exercise,information,,
meg,megabyte,,Some people consider these,information,,
gig,gigabyte,,to be defined according to,information,,
jiffy,sec,0.01,This is defined in the Jargon File,information,,
jiffies,jiffy,,(http://www.jargon.org) as being the,information,,
dvdspeed,kB/s,1385,"This is the ""1x"" speed of a DVD using",information,,
ipv4classA,ipv4subnetsize(8),,,information,,true
ipv4classB,ipv4subnetsize(16),,,information,,true
ipv4classC,ipv4subnetsize(24),,,information,,true
woolyarnrun,yard/pound,1600,"1600 yds of ""number 1 yarn"" weighs",cloth,,
yarncut,yard/pound,300,Less common system used in,cloth,,
cottonyarncount,yard/pound,840,,cloth,,
linenyarncount,yard/pound,300,Also used for hemp and ramie,cloth,,
worstedyarncount,ft/pound,1680,,cloth,,
metricyarncount,meter/gram,,,cloth,,
denier,tex,1|9,used for silk and rayon,cloth,,
manchesteryarnnumber,yards,drams/1000,old system used for silk,cloth,,
pli,lb/in,,,cloth,,
typp,yd/lb,1000,abbreviation for Thousand Yard Per Pound,cloth,,
asbestoscut,yd/lb,100,used for glass and asbestos yarn,cloth,,
drex,tex,0.1,to be used for any kind of yarn,cloth,,
skeincotton,inch,80*54,80 turns of thread on a reel with a,cloth,,
cottonbolt,ft,120,cloth measurement,cloth,,
woolbolt,ft,210,,cloth,,
bolt,cottonbolt,,,cloth,,
heer,yards,600,,cloth,,
cut,yards,300,used for wet-spun linen yarn,cloth,,
lea,yards,300,,cloth,,
sailmakersyard,in,28.5,,cloth,,
silkmm,silkmomme,,But it is also defined as,cloth,,
bloodunit,ml,450,For whole blood.  For blood,medical,,
frenchcathetersize,mm,1|3,measure used for the outer diameter,medical,,
charriere,frenchcathetersize,,,medical,,
unitedstatesdollar,US$,,,currency,,
usdollar,US$,,,currency,,
$,dollar,,,currency,,
mark,germanymark,,,currency,,
peseta,spainpeseta,,,currency,,
rand,southafricarand,,,currency,,
escudo,portugalescudo,,,currency,,
guilder,netherlandsguilder,,,currency,,
hollandguilder,netherlandsguilder,,,currency,,
peso,mexicopeso,,,currency,,
yen,japanyen,,,currency,,
lira,italylira,,,currency,,
rupee,indiarupee,,,currency,,
drachma,greecedrachma,,,currency,,
franc,francefranc,,,currency,,
markka,finlandmarkka,,,currency,,
britainpound,unitedkingdompound,,,currency,,
greatbritainpound,unitedkingdompound,,,currency,,
unitedkingdompound,ukpound,,,currency,,
poundsterling,britainpound,,,currency,,
yuan,chinayuan,,,currency,,
icelandkróna,icelandkrona,,,currency,true,
polandzłoty,polandzloty,,,currency,true,
tongapa’anga,tongapa'anga,,,currency,true,
vietnamđồng,vietnamdong,,,currency,true,
mongoliatögrög,mongoliatugrik,,,currency,true,
sãotomé&príncipedobra,saotome&principedobra,,,currency,true,
UKP,GBP,,"Not an ISO code, but looks like one, and",currency,,
dollargold,newdollargold,,,currency,,
goldounce,troyounce,goldprice,,currency,,
silverounce,troyounce,silverprice,,currency,,
platinumounce,troyounce,platinumprice,,currency,,
XAU,goldounce,,,currency,,
XPT,platinumounce,,,currency,,
XAG,silverounce,,,currency,,
USpennyweight,grams,2.5,"Since 1982, 48 grains before",currency,,
USnickelweight,grams,5,,currency,,
USdollarweight,grams,8.1,Weight of Susan B. Anthony and,currency,,
quid,britainpound,,Slang names,currency,,
fiver,quid,5,,currency,,
tenner,quid,10,,currency,,
monkey,quid,500,,currency,,
brgrand,quid,1000,,currency,,
bob,shilling,,,currency,,
shilling,britainpound,1|20,"Before decimalisation, there",currency,,
oldpence,shilling,1|12,"were 20 shillings to a pound,",currency,,
farthing,oldpence,1|4,each of twelve old pence,currency,,
guinea,shilling,21,Still used in horse racing,currency,,
crown,shilling,5,,currency,,
florin,shilling,2,,currency,,
groat,oldpence,4,,currency,,
tanner,oldpence,6,,currency,,
brpenny,britainpound,0.01,,currency,,
pence,brpenny,,,currency,,
tuppence,pence,2,,currency,,
tuppenny,tuppence,,,currency,,
ha'penny,halfbrpenny,,,currency,,
hapenny,ha'penny,,,currency,,
oldpenny,oldpence,,,currency,,
oldtuppence,oldpence,2,,currency,,
oldtuppenny,oldtuppence,,,currency,,
threepence,oldpence,3,threepence never refers to new money,currency,,
threepenny,threepence,,,currency,,
oldthreepence,threepence,,,currency,,
oldthreepenny,threepence,,,currency,,
oldhalfpenny,halfoldpenny,,,currency,,
oldha'penny,oldhalfpenny,,,currency,,
oldhapenny,oldha'penny,,,currency,,
brpony,britainpound,25,,currency,,
loony,canadadollar,1,This coin depicts a loon,currency,,
toony,canadadollar,2,,currency,,
satoshi,bitcoin,1e-8,,currency,,
XBT,bitcoin,,nonstandard code,currency,,
cord,ft^3,4*4*8,4 ft by 4 ft by 8 ft bundle of wood,wood,,
facecord,cord,1|2,,wood,,
cordfoot,cord,1|8,One foot long section of a cord,wood,,
cordfeet,cordfoot,,,wood,,
housecord,cord,1|3,"Used to sell firewood for residences,",wood,,
boardfoot,inch,ft^2,Usually 1 inch thick wood,wood,,
boardfeet,boardfoot,,,wood,,
fbm,boardfoot,,feet board measure,wood,,
stack,yard^3,4,"British, used for firewood and coal [18]",wood,,
stere,m^3,,,wood,,
timberfoot,ft^3,,Used for measuring solid blocks of wood,wood,,
hoppusfoot,ft^3,(4/pi),Volume calculation suggested in 1736,wood,,
hoppusboardfoot,hoppusfoot,1|12,"forestry manual by Edward Hoppus, for",wood,,
hoppuston,hoppusfoot,50,estimating the usable volume of a log.,wood,,
hectare,hectoare,,,misc,,
megohm,megaohm,,,misc,,
kilohm,kiloohm,,,misc,,
microhm,microohm,,,misc,,
megalerg,megaerg,,'L' added to make it pronounceable [18].,misc,,
lbcut,poundcut,,,misc,,
g00,(-1),,,misc,,
g000,(-2),,,misc,,
g0000,(-3),,,misc,,
g00000,(-4),,,misc,,
g000000,(-5),,,misc,,
g0000000,(-6),,,misc,,
awg(),wiregauge,,,misc,,true
drillA,in,0.234,,misc,,true
drillB,in,0.238,,misc,,true
drillC,in,0.242,,misc,,true
drillD,in,0.246,,misc,,true
drillE,in,0.250,,misc,,true
drillF,in,0.257,,misc,,true
drillG,in,0.261,,misc,,true
drillH,in,0.266,,misc,,true
drillI,in,0.272,,misc,,true
drillJ,in,0.277,,misc,,true
drillK,in,0.281,,misc,,true
drillL,in,0.290,,misc,,true
drillM,in,0.295,,misc,,true
drillN,in,0.302,,misc,,true
drillO,in,0.316,,misc,,true
drillP,in,0.323,,misc,,true
drillQ,in,0.332,,misc,,true
drillR,in,0.339,,misc,,true
drillS,in,0.348,,misc,,true
drillT,in,0.358,,misc,,true
drillU,in,0.368,,misc,,true
drillV,in,0.377,,misc,,true
drillW,in,0.386,,misc,,true
drillX,in,0.397,,misc,,true
drillY,in,0.404,,misc,,true
drillZ,in,0.413,,misc,,true
grit_ansibonded(),ansibonded,,,misc,,true
grit_ansicoated(),ansicoated,,,misc,,true
dmtxxcoarse,micron,120,120 mesh,misc,,true
dmtsilver,dmtxxcoarse,,,misc,,true
dmtxx,dmtxxcoarse,,,misc,,true
dmtxcoarse,micron,60,220 mesh,misc,,true
dmtx,dmtxcoarse,,,misc,,true
dmtblack,dmtxcoarse,,,misc,,true
dmtcoarse,micron,45,325 mesh,misc,,true
dmtc,dmtcoarse,,,misc,,true
dmtblue,dmtcoarse,,,misc,,true
dmtfine,micron,25,600 mesh,misc,,true
dmtred,dmtfine,,,misc,,true
dmtf,dmtfine,,,misc,,true
dmtefine,micron,9,1200 mesh,misc,,true
dmte,dmtefine,,,misc,,true
dmtgreen,dmtefine,,,misc,,true
dmtceramic,micron,7,2200 mesh,misc,,true
dmtcer,dmtceramic,,,misc,,true
dmtwhite,dmtceramic,,,misc,,true
dmteefine,micron,3,8000 mesh,misc,,true
dmttan,dmteefine,,,misc,,true
dmtee,dmteefine,,,misc,,true
hardtranslucentarkansas,micron,6,Natural novaculite (silicon quartz),misc,,true
softarkansas,micron,22,stones,misc,,true
extrafineindia,micron,22,India stones are Norton's manufactured,misc,,true
fineindia,micron,35,aluminum oxide product,misc,,true
mediumindia,micron,53.5,,misc,,true
coarseindia,micron,97,,misc,,true
finecrystolon,micron,45,Crystolon stones are Norton's,misc,,true
mediumcrystalon,micron,78,manufactured silicon carbide product,misc,,true
coarsecrystalon,micron,127,,misc,,true
hardblackarkansas,micron,6,,misc,,true
hardwhitearkansas,micron,11,,misc,,true
washita,micron,35,,misc,,true
meshUS(),sieve,,were in common usage.,misc,,true
sizeAring,mm,37.50,,misc,,true
sizeBring,mm,38.75,,misc,,true
sizeCring,mm,40.00,,misc,,true
sizeDring,mm,41.25,,misc,,true
sizeEring,mm,42.50,,misc,,true
sizeFring,mm,43.75,,misc,,true
sizeGring,mm,45.00,,misc,,true
sizeHring,mm,46.25,,misc,,true
sizeIring,mm,47.50,,misc,,true
sizeJring,mm,48.75,,misc,,true
sizeKring,mm,50.00,,misc,,true
sizeLring,mm,51.25,,misc,,true
sizeMring,mm,52.50,,misc,,true
sizeNring,mm,53.75,,misc,,true
sizeOring,mm,55.00,,misc,,true
sizePring,mm,56.25,,misc,,true
sizeQring,mm,57.50,,misc,,true
sizeRring,mm,58.75,,misc,,true
sizeSring,mm,60.00,,misc,,true
sizeTring,mm,61.25,,misc,,true
sizeUring,mm,62.50,,misc,,true
sizeVring,mm,63.75,,misc,,true
sizeWring,mm,65.00,,misc,,true
sizeXring,mm,66.25,,misc,,true
sizeYring,mm,67.50,,misc,,true
sizeZring,mm,68.75,,misc,,true
pa,Pa,,,misc,,true
ev,eV,,,misc,,true
oe,Oe,,,misc,,true
mh,mH,,,misc,,true
rd,rod,,,misc,,true
pf,pF,,,misc,,true
gr,grain,,,misc,,true
nt,N,,,misc,,true
hz,Hz,,,misc,,true
hd,hogshead,,,misc,,true
dry,drygallon/gallon,,,misc,,true
nmile,nauticalmile,,,misc,,true
beV,GeV,,,misc,,true
bev,beV,,,misc,,true
coul,C,,,misc,,true
Tim,hour,12^-4,Time,misc,,true
Grafut,Tim^2,gravity,Length based on gravity,misc,,true
Surf,Grafut^2,,area,misc,,true
Volm,Grafut^3,,volume,misc,,true
Vlos,Grafut/Tim,,speed,misc,,true
Denz,Maz/Volm,,density,misc,,true
Mag,gravity,Maz,force,misc,,true
Gf,Grafut,,,misc,,true
Sf,Surf,,,misc,,true
Vm,Volm,,,misc,,true
Vl,Vlos,,,misc,,true
Mz,Maz,,,misc,,true
Dz,Denz,,,misc,,true
Zena-,12,,,misc,,true
Duna-,12^2,,,misc,,true
Trina-,12^3,,,misc,,true
Quedra-,12^4,,,misc,,true
Quena-,12^5,,,misc,,true
Hesa-,12^6,,,misc,,true
Seva-,12^7,,,misc,,true
Aka-,12^8,,,misc,,true
Neena-,12^9,,,misc,,true
Dexa-,12^10,,,misc,,true
Lefa-,12^11,,,misc,,true
Zennila-,12^12,,,misc,,true
Zeni-,12^-1,,,misc,,true
Duni-,12^-2,,,misc,,true
Trini-,12^-3,,,misc,,true
Quedri-,12^-4,,,misc,,true
Queni-,12^-5,,,misc,,true
Hesi-,12^-6,,,misc,,true
Sevi-,12^-7,,,misc,,true
Aki-,12^-8,,,misc,,true
Neeni-,12^-9,,,misc,,true
Dexi-,12^-10,,,misc,,true
Lefi-,12^-11,,,misc,,true
Zennili-,12^-12,,,misc,,true
cumec,m^3/s,,,flow,,
cusec,ft^3/s,,,flow,,
gph,gal/hr,,,flow,,
gpm,gal/min,,,flow,,
mgd,megagal/day,,,flow,,
cfs,ft^3/s,,,flow,,
cfh,ft^3/hour,,,flow,,
cfm,ft^3/min,,,flow,,
lpm,liter/min,,,flow,,
lfm,ft/min,,Used to report air flow produced by fans.,flow,,
minersinchAZ,ft^3/min,1.5,,flow,,
minersinchCA,ft^3/min,1.5,,flow,,
minersinchMT,ft^3/min,1.5,,flow,,
minersinchNV,ft^3/min,1.5,,flow,,
minersinchOR,ft^3/min,1.5,,flow,,
minersinchID,ft^3/min,1.2,,flow,,
minersinchKS,ft^3/min,1.2,,flow,,
minersinchNE,ft^3/min,1.2,,flow,,
minersinchNM,ft^3/min,1.2,,flow,,
minersinchND,ft^3/min,1.2,,flow,,
minersinchSD,ft^3/min,1.2,,flow,,
minersinchUT,ft^3/min,1.2,,flow,,
minersinchBC,ft^3/min,1.68,British Columbia,flow,,
GAS_FLOW,FLUID_FLOW,PRESSURE,,flow,,
sccm,cc/min,atm,"'s' is for ""standard"" to indicate",flow,,
sccs,cc/sec,atm,flow at standard pressure,flow,,
scfh,ft^3/hour,atm,,flow,,
scfm,ft^3/min,atm,,flow,,
slpm,liter/min,atm,,flow,,
slph,liter/hour,atm,,flow,,
lapserate,K/km,6.5,US Std Atm (1976),flow,,
polyndx,polyndx_1976,,,flow,,
stdatmT0,K,288.15,,flow,,
stdatmP0,atm,,,flow,,
earthradUSAtm,m,6356766,,flow,,
Patm,atm,,,flow,,true
msw,seawater,meter,,flow,,true
fsw,seawater,foot,,flow,,true
mph,mile/hr,,,abbrev,,
mpg,mile/gal,,,abbrev,,
kph,km/hr,,,abbrev,,
fL,footlambert,,,abbrev,,
fpm,ft/min,,,abbrev,,
fps,ft/s,,,abbrev,,
rpm,rev/min,,,abbrev,,
rps,rev/sec,,,abbrev,,
mi,mile,,,abbrev,,
smi,mile,,,abbrev,,
nmi,nauticalmile,,,abbrev,,
mbh,btu/hour,1e3,,abbrev,,
mcm,circularmil,1e3,,abbrev,,
ipy,inch/year,,used for corrosion rates,abbrev,,
ccf,ft^3,100,used for selling water [18],abbrev,,
Mcf,ft^3,1000,not million cubic feet [18],abbrev,,
kp,kilopond,,,abbrev,,
kpm,meter,kp,,abbrev,,
Wh,hour,W,,abbrev,,
hph,hour,hp,,abbrev,,
becquerel,/s,,Activity of radioactive source,radioactive,,
Bq,becquerel,,,radioactive,,
curie,Bq,3.7e10,Defined in 1910 as the radioactivity,radioactive,,
Ci,curie,,emitted by the amount of radon that is,radioactive,,
rutherford,Bq,1e6,,radioactive,,
RADIATION_DOSE,gray,,,radioactive,,
gray,J/kg,,Absorbed dose of radiation,radioactive,,
Gy,gray,,,radioactive,,
rad,Gy,1e-2,From Radiation Absorbed Dose,radioactive,,
rep,mGy,8.38,"Roentgen Equivalent Physical, the amount",radioactive,,
sievert,J/kg,,Dose equivalent:  dosage that has the,radioactive,,
Sv,sievert,,same effect on human tissues as 200,radioactive,,
rem,Sv,1e-2,keV X-rays.  Different types of,radioactive,,
banana_dose,sievert,0.1e-6,Informal measure of the dose due to,radioactive,,
rontgen,roentgen,,Sometimes it appears spelled this way,radioactive,,
sievertunit,rontgen,8.38,Unit of gamma ray dose delivered in one,radioactive,,
eman,Ci/m^3,1e-7,radioactive concentration,radioactive,,
mache,Ci/m^3,3.7e-7,,radioactive,,
actinium,227.0278,,,radioactive,,
aluminum,26.981539,,,radioactive,,
americium,243.0614,,Longest lived. 241.06,radioactive,,
antimony,121.760,,,radioactive,,
argon,39.948,,,radioactive,,
arsenic,74.92159,,,radioactive,,
astatine,209.9871,,Longest lived,radioactive,,
barium,137.327,,,radioactive,,
berkelium,247.0703,,Longest lived. 249.08,radioactive,,
beryllium,9.012182,,,radioactive,,
bismuth,208.98037,,,radioactive,,
boron,10.811,,,radioactive,,
bromine,79.904,,,radioactive,,
cadmium,112.411,,,radioactive,,
calcium,40.078,,,radioactive,,
californium,251.0796,,Longest lived.  252.08,radioactive,,
carbon,12.011,,,radioactive,,
cerium,140.115,,,radioactive,,
cesium,132.90543,,,radioactive,,
chlorine,35.4527,,,radioactive,,
chromium,51.9961,,,radioactive,,
cobalt,58.93320,,,radioactive,,
copper,63.546,,,radioactive,,
curium,247.0703,,,radioactive,,
deuterium,2.0141017778,,,radioactive,,
dysprosium,162.50,,,radioactive,,
einsteinium,252.083,,Longest lived,radioactive,,
erbium,167.26,,,radioactive,,
europium,151.965,,,radioactive,,
fermium,257.0951,,Longest lived,radioactive,,
fluorine,18.9984032,,,radioactive,,
francium,223.0197,,Longest lived,radioactive,,
gadolinium,157.25,,,radioactive,,
gallium,69.723,,,radioactive,,
germanium,72.61,,,radioactive,,
gold,196.96654,,,radioactive,,
hafnium,178.49,,,radioactive,,
helium,4.002602,,,radioactive,,
holmium,164.93032,,,radioactive,,
hydrogen,1.00794,,,radioactive,,
indium,114.818,,,radioactive,,
iodine,126.90447,,,radioactive,,
iridium,192.217,,,radioactive,,
iron,55.845,,,radioactive,,
krypton,83.80,,,radioactive,,
lanthanum,138.9055,,,radioactive,,
lawrencium,262.11,,Longest lived,radioactive,,
lead,207.2,,,radioactive,,
lithium,6.941,,,radioactive,,
lutetium,174.967,,,radioactive,,
magnesium,24.3050,,,radioactive,,
manganese,54.93805,,,radioactive,,
mendelevium,258.10,,Longest lived,radioactive,,
mercury,200.59,,,radioactive,,
molybdenum,95.94,,,radioactive,,
neodymium,144.24,,,radioactive,,
neon,20.1797,,,radioactive,,
neptunium,237.0482,,,radioactive,,
nickel,58.6934,,,radioactive,,
niobium,92.90638,,,radioactive,,
nitrogen,14.00674,,,radioactive,,
nobelium,259.1009,,Longest lived,radioactive,,
osmium,190.23,,,radioactive,,
oxygen,15.9994,,,radioactive,,
palladium,106.42,,,radioactive,,
phosphorus,30.973762,,,radioactive,,
platinum,195.08,,,radioactive,,
plutonium,244.0642,,Longest lived.  239.05,radioactive,,
polonium,208.9824,,Longest lived.  209.98,radioactive,,
potassium,39.0983,,,radioactive,,
praseodymium,140.90765,,,radioactive,,
promethium,144.9127,,Longest lived.  146.92,radioactive,,
protactinium,231.03588,,,radioactive,,
radium,226.0254,,,radioactive,,
radon,222.0176,,Longest lived,radioactive,,
rhenium,186.207,,,radioactive,,
rhodium,102.90550,,,radioactive,,
rubidium,85.4678,,,radioactive,,
ruthenium,101.07,,,radioactive,,
samarium,150.36,,,radioactive,,
scandium,44.955910,,,radioactive,,
selenium,78.96,,,radioactive,,
silicon,28.0855,,,radioactive,,
silver,107.8682,,,radioactive,,
sodium,22.989768,,,radioactive,,
strontium,87.62,,,radioactive,,
sulfur,32.066,,,radioactive,,
tantalum,180.9479,,,radioactive,,
technetium,97.9072,,Longest lived.  98.906,radioactive,,
tellurium,127.60,,,radioactive,,
terbium,158.92534,,,radioactive,,
thallium,204.3833,,,radioactive,,
thorium,232.0381,,,radioactive,,
thullium,168.93421,,,radioactive,,
tin,118.710,,,radioactive,,
titanium,47.867,,,radioactive,,
tungsten,183.84,,,radioactive,,
uranium,238.0289,,,radioactive,,
vanadium,50.9415,,,radioactive,,
xenon,131.29,,,radioactive,,
ytterbium,173.04,,,radioactive,,
yttrium,88.90585,,,radioactive,,
zinc,65.39,,,radioactive,,
zirconium,91.224,,,radioactive,,
people,1,,,people,,
person,people,,,people,,
death,people,,,people,,
capita,people,,,people,,
percapita,capita,per,,people,,
scotsinch,UKinch,1.00540054,,scots,,
scotslink,scotschain,1|100,,scots,,
scotsfoot,scotsinch,12,,scots,,
scotsfeet,scotsfoot,,,scots,,
scotsell,scotsinch,37,,scots,,
scotsfall,scotsell,6,,scots,,
scotschain,scotsfall,4,,scots,,
scotsfurlong,scotschain,10,,scots,,
scotsmile,scotsfurlong,8,,scots,,
scotsrood,scotsfall^2,40,,scots,,
scotsacre,scotsrood,4,,scots,,
scotsgill,mutchkin,1|4,,scots,,
mutchkin,choppin,1|2,,scots,,
choppin,scotspint,1|2,,scots,,
scotspint,scotsquart,1|2,,scots,,
scotsquart,scotsgallon,1|4,,scots,,
scotsgallon,UKinch^3,827.232,,scots,,
scotsbarrel,scotsgallon,8,,scots,,
jug,scotspint,,,scots,,
scotswheatlippy,UKinch^3,137.333,"Also used for peas, beans, rye, salt",scots,,
scotswheatlippies,scotswheatlippy,,,scots,,
scotswheatpeck,scotswheatlippy,4,,scots,,
scotswheatfirlot,scotswheatpeck,4,,scots,,
scotswheatboll,scotswheatfirlot,4,,scots,,
scotswheatchalder,scotswheatboll,16,,scots,,
scotsoatlippy,UKinch^3,200.345,Also used for barley and malt,scots,,
scotsoatlippies,scotsoatlippy,,,scots,,
scotsoatpeck,scotsoatlippy,4,,scots,,
scotsoatfirlot,scotsoatpeck,4,,scots,,
scotsoatboll,scotsoatfirlot,4,,scots,,
scotsoatchalder,scotsoatboll,16,,scots,,
trondrop,tronounce,1|16,,scots,,
tronounce,tronpound,1|20,,scots,,
tronpound,grain,9520,,scots,,
tronstone,tronpound,16,,scots,,
verklinje,mm,2.0618125,,swedish,,
verktum,verklinje,12,,swedish,,
kvarter,verktum,6,,swedish,,
fot,kvarter,2,,swedish,,
aln,fot,2,,swedish,,
famn,aln,3,,swedish,,
zentner,kg,50,,german,,
doppelzentner,zentner,2,,german,,
pfund,g,500,,german,,
australiasquare,ft)^2,(10,Used for house area,australian,,
winepint,winequart,1|2,,english,,
winequart,winegallon,1|4,,english,,
winegallon,UKinch^3,231,"Sometimes called the Winchester Wine Gallon,",english,,
winerundlet,winegallon,18,,english,,
winebarrel,winegallon,31.5,,english,,
winetierce,winegallon,42,,english,,
winehogshead,winebarrel,2,,english,,
winepuncheon,winetierce,2,,english,,
winebutt,winehogshead,2,,english,,
winepipe,winebutt,,,english,,
winetun,winebutt,2,,english,,
beerpint,beerquart,1|2,,english,,
beerquart,beergallon,1|4,,english,,
beergallon,UKinch^3,282,,english,,
beerbarrel,beergallon,36,,english,,
beerhogshead,beerbarrel,1.5,,english,,
alepint,alequart,1|2,,english,,
alequart,alegallon,1|4,,english,,
alegallon,beergallon,,,english,,
alebarrel,alegallon,34,,english,,
alehogshead,alebarrel,1.5,,english,,
towerpound,grain,5400,,english,,
towerounce,towerpound,1|12,,english,,
towerpennyweight,towerounce,1|20,,english,,
towergrain,towerpennyweight,1|32,,english,,
mercpound,grain,6750,,english,,
mercounce,mercpound,1|15,,english,,
mercpennyweight,mercounce,1|20,,english,,
leadstone,lb,12.5,,english,,
fotmal,lb,70,,english,,
leadwey,leadstone,14,,english,,
fothers,leadwey,12,,english,,
newhaytruss,lb,60,"New and old here seem to refer to ""new""",english,,
newhayload,newhaytruss,36,"hay and ""old"" hay rather than a new unit",english,,
oldhaytruss,lb,56,and an old unit.,english,,
oldhayload,oldhaytruss,36,,english,,
woolclove,lb,7,,english,,
woolstone,woolclove,2,,english,,
wooltod,woolstone,2,,english,,
woolwey,woolstone,13,,english,,
woolsack,woolwey,2,,english,,
woolsarpler,woolsack,2,,english,,
woollast,woolsarpler,6,,english,,
romanfoot,mm,296,There is some uncertainty in this definition,roman,,
romanfeet,romanfoot,,from which all the other units are derived.,roman,,
pes,romanfoot,,"This value appears in numerous sources. In ""The",roman,,
pedes,romanfoot,,"Roman Land Surveyors"", Dilke gives 295.7 mm.",roman,,
romaninch,romanfoot,1|12,The subdivisions of the Roman foot have the,roman,,
romandigit,romanfoot,1|16,"same names as the subdivisions of the pound,",roman,,
romanpalm,romanfoot,1|4,but we can't have the names for different,roman,,
romancubit,romaninch,18,units.,roman,,
romanpace,romanfeet,5,Roman double pace (basic military unit),roman,,
passus,romanpace,,,roman,,
romanperch,romanfeet,10,,roman,,
stade,romanpaces,125,,roman,,
stadia,stade,,,roman,,
stadium,stade,,,roman,,
romanmile,stadia,8,1000 paces,roman,,
romanleague,romanmile,1.5,,roman,,
schoenus,romanmile,4,,roman,,
earlyromanfoot,cm,29.73,,roman,,
pesdrusianus,cm,33.3,"or 33.35 cm, used in Gaul & Germany in 1st c BC",roman,,
lateromanfoot,cm,29.42,,roman,,
actuslength,romanfeet,120,length of a Roman furrow,roman,,
actus,romanfeet^2,120*4,area of the furrow,roman,,
squareactus,romanfeet^2,120^2,actus quadratus,roman,,
acnua,squareactus,,,roman,,
iugerum,squareactus,2,,roman,,
iugera,iugerum,,,roman,,
jugerum,iugerum,,,roman,,
jugera,iugerum,,,roman,,
heredium,iugera,2,heritable plot,roman,,
heredia,heredium,,,roman,,
centuria,heredia,100,,roman,,
centurium,centuria,,,roman,,
sextarius,in^3,35.4,"Basic unit of Roman volume.  As always,",roman,,
sextarii,sextarius,,there is uncertainty.  Six large Roman,roman,,
cochlearia,sextarius,1|48,,roman,,
cyathi,sextarius,1|12,,roman,,
acetabula,sextarius,1|8,,roman,,
quartaria,sextarius,1|4,,roman,,
quartarius,quartaria,,,roman,,
heminae,sextarius,1|2,,roman,,
hemina,heminae,,,roman,,
cheonix,sextarii,1.5,,roman,,
semodius,sextarius,8,,roman,,
semodii,semodius,,,roman,,
modius,sextarius,16,,roman,,
modii,modius,,,roman,,
congius,heminae,12,,roman,,
congii,congius,,,roman,,
amphora,congii,8,,roman,,
amphorae,amphora,,Also a dry volume measure,roman,,
culleus,amphorae,20,,roman,,
quadrantal,amphora,,,roman,,
libra,grain,5052,The Roman pound varied significantly,roman,,
librae,libra,,from 4210 grains to 5232 grains.  Most of,roman,,
romanpound,libra,,the standards were obtained from the weight,roman,,
uncia,libra,1|12,of particular coins.  The one given here is,roman,,
unciae,uncia,,based on the Gold Aureus of Augustus which,roman,,
romanounce,uncia,,was in use from BC 27 to AD 296.,roman,,
deunx,uncia,11,,roman,,
dextans,uncia,10,,roman,,
dodrans,uncia,9,,roman,,
bes,uncia,8,,roman,,
seprunx,uncia,7,,roman,,
semis,uncia,6,,roman,,
quincunx,uncia,5,,roman,,
triens,uncia,4,,roman,,
quadrans,uncia,3,,roman,,
sextans,uncia,2,,roman,,
sescuncia,uncia,1.5,,roman,,
semuncia,uncia,1|2,,roman,,
siscilius,uncia,1|4,,roman,,
sextula,uncia,1|6,,roman,,
semisextula,uncia,1|12,,roman,,
scriptulum,uncia,1|24,,roman,,
scrupula,scriptulum,,,roman,,
romanobol,scrupula,1|2,,roman,,
romanaspound,grain,4210,"Old pound based on bronze coinage, the",roman,,
egyptianroyalcubit,in,20.63,plus or minus .2 in,egyptian,,
egyptianpalm,egyptianroyalcubit,1|7,,egyptian,,
egyptiandigit,egyptianpalm,1|4,,egyptian,,
egyptianshortcubit,egyptianpalm,6,,egyptian,,
doubleremen,in,29.16,Length of the diagonal of a square with,egyptian,,
remendigit,doubleremen,1|40,side length of 1 royal egyptian cubit.,egyptian,,
greekfoot,in,12.45,Listed as being derived from the,greek,,
greekfeet,greekfoot,,Egyptian Royal cubit in [11].  It is,greek,,
greekcubit,greekfoot,1.5,said to be 3|5 of a 20.75 in cubit.,greek,,
pous,greekfoot,,,greek,,
podes,greekfoot,,,greek,,
orguia,greekfoot,6,,greek,,
greekfathom,orguia,,,greek,,
stadion,orguia,100,,greek,,
akaina,greekfeet,10,,greek,,
plethron,akaina,10,,greek,,
greekfinger,greekfoot,1|16,,greek,,
homericcubit,greekfingers,20,Elbow to end of knuckles.,greek,,
shortgreekcubit,greekfingers,18,Elbow to start of fingers.,greek,,
ionicfoot,mm,296,,greek,,
doricfoot,mm,326,,greek,,
olympiccubit,remendigit,25,These olympic measures were not as,greek,,
olympicfoot,olympiccubit,2|3,common as the other greek measures.,greek,,
olympicfinger,olympicfoot,1|16,They were used in agriculture.,greek,,
olympicfeet,olympicfoot,,,greek,,
olympicdakylos,olympicfinger,,,greek,,
olympicpalm,olympicfoot,1|4,,greek,,
olympicpalestra,olympicpalm,,,greek,,
olympicspithame,foot,3|4,,greek,,
olympicspan,olympicspithame,,,greek,,
olympicbema,olympicfeet,2.5,,greek,,
olympicpace,olympicbema,,,greek,,
olympicorguia,olympicfeet,6,,greek,,
olympicfathom,olympicorguia,,,greek,,
olympiccord,olympicfeet,60,,greek,,
olympicamma,olympiccord,,,greek,,
olympicplethron,olympicfeet,100,,greek,,
olympicstadion,olympicfeet,600,,greek,,
greekkotyle,ml,270,This approximate value is obtained,greek,,
xestes,greekkotyle,2,from two earthenware vessels that,greek,,
khous,greekkotyle,12,were reconstructed from fragments.,greek,,
metretes,khous,12,The kotyle is a day's corn ration,greek,,
choinix,greekkotyle,4,for one man.,greek,,
hekteos,choinix,8,,greek,,
medimnos,hekteos,6,,greek,,
aeginastater,grain,192,Varies up to 199 grain,greek,,
aeginadrachmae,aeginastater,1|2,,greek,,
aeginaobol,aeginadrachmae,1|6,,greek,,
aeginamina,aeginastaters,50,,greek,,
aeginatalent,aeginamina,60,Supposedly the mass of a cubic foot,greek,,
atticstater,grain,135,Varies 134-138 grain,greek,,
atticdrachmae,atticstater,1|2,,greek,,
atticobol,atticdrachmae,1|6,,greek,,
atticmina,atticstaters,50,,greek,,
attictalent,atticmina,60,Supposedly the mass of a cubic foot,greek,,
northerncubit,in,26.6,plus/minus .2 in,northern,,
northernfoot,northerncubit,1|2,,northern,,
sumeriancubit,mm,495,,northern,,
kus,sumeriancubit,,,northern,,
sumerianfoot,sumeriancubit,2|3,,northern,,
assyriancubit,in,21.6,,northern,,
assyrianfoot,assyriancubit,1|2,,northern,,
assyrianpalm,assyrianfoot,1|3,,northern,,
assyriansusi,assyrianpalm,1|20,,northern,,
susi,assyriansusi,,,northern,,
persianroyalcubit,assyrianpalm,7,,northern,,
hashimicubit,in,25.56,Standard of linear measure used,arabic,,
blackcubit,in,21.28,,arabic,,
arabicfeet,blackcubit,1|2,,arabic,,
arabicfoot,arabicfeet,,,arabic,,
arabicinch,arabicfoot,1|12,,arabic,,
arabicmile,blackcubit,4000,,arabic,,
silverdirhem,grain,45,The weights were derived from these two,arabic,,
tradedirhem,grain,48,units with two identically named systems,arabic,,
silverkirat,silverdirhem,1|16,,arabic,,
silverwukiyeh,silverdirhem,10,,arabic,,
silverrotl,silverwukiyeh,12,,arabic,,
arabicsilverpound,silverrotl,,,arabic,,
tradekirat,tradedirhem,1|16,,arabic,,
tradewukiyeh,tradedirhem,10,,arabic,,
traderotl,tradewukiyeh,12,,arabic,,
arabictradepound,traderotl,,,arabic,,
timepoint,hour,1|5,also given as 1|4,medieval,,
timeminute,hour,1|10,,medieval,,
timeostent,hour,1|60,,medieval,,
timeounce,timeostent,1|8,,medieval,,
timeatom,timeounce,1|47,,medieval,,
mite,grain,1|20,,medieval,,
droit,mite,1|24,,medieval,,
periot,droit,1|20,,medieval,,
blanc,periot,1|24,,medieval,,
parasang,mile,3.5,Persian unit of length usually thought,ancient,,
biblicalcubit,in,21.8,,ancient,,
hebrewcubit,in,17.58,,ancient,,
li,mile,10|27.8,Chinese unit of length,ancient,,
liang,oz,11|3,Chinese weight unit,ancient,,
⅛-,1|8,,,symbols,true,
¼-,1|4,,,symbols,true,
⅜-,3|8,,,symbols,true,
½-,1|2,,,symbols,true,
⅝-,5|8,,,symbols,true,
¾-,3|4,,,symbols,true,
⅞-,7|8,,,symbols,true,
⅙-,1|6,,,symbols,true,
⅓-,1|3,,,symbols,true,
⅔-,2|3,,,symbols,true,
⅚-,5|6,,,symbols,true,
⅕-,1|5,,,symbols,true,
⅖-,2|5,,,symbols,true,
⅗-,3|5,,,symbols,true,
⅘-,4|5,,,symbols,true,
ℯ,exp(1),,"U+212F, base of natural log",symbols,true,
µ-,micro,,micro sign U+00B5,symbols,true,
μ-,micro,,small mu U+03BC,symbols,true,
ångström,angstrom,,,symbols,true,
Å,angstrom,,angstrom symbol U+212B,symbols,true,
Å,angstrom,,A with ring U+00C5,symbols,true,
röntgen,roentgen,,,symbols,true,
°C,degC,,,symbols,true,
°F,degF,,,symbols,true,
°K,K,,°K is incorrect notation,symbols,true,
°R,degR,,,symbols,true,
°,degree,,,symbols,true,
℃,degC,,,symbols,true,
℉,degF,,,symbols,true,
K,K,,"Kelvin symbol, U+212A",symbols,true,
ℓ,liter,,unofficial abbreviation used in some places,symbols,true,
Ω,ohm,,Ohm symbol U+2126,symbols,true,
Ω,ohm,,Greek capital omega U+03A9,symbols,true,
℧,mho,,,symbols,true,
ʒ,dram,,U+0292,symbols,true,
℈,scruple,,,symbols,true,
℥,ounce,,,symbols,true,
℔,lb,,,symbols,true,
ℎ,hplanck,,,symbols,true,
ℏ,hbar,,,symbols,true,
‰,1|1000,,,symbols,true,
‱,1|10000,,,symbols,true,
′,',,U+2032,symbols,true,
″,"""",,U+2033,symbols,true,
¢,cent,,,symbols,true,
£,britainpound,,,symbols,true,
¥,japanyen,,,symbols,true,
€,euro,,,symbols,true,
₩,southkoreawon,,,symbols,true,
₪,israelnewshekel,,,symbols,true,
₤,lira,,,symbols,true,
₨,rupee,,unofficial legacy rupee sign,symbols,true,
฿,thailandbaht,,,symbols,true,
₡,elsalvadorcolon,,Also costaricacolon,symbols,true,
₣,francefranc,,,symbols,true,
₦,nigerianaira,,,symbols,true,
₧,spainpeseta,,,symbols,true,
₫,vietnamdong,,,symbols,true,
₭,laokip,,,symbols,true,
₮,mongoliatugrik,,,symbols,true,
₯,greecedrachma,,,symbols,true,
₱,philippinepeso,,,symbols,true,
﷼,iranrial,,,symbols,true,
﹩,$,,,symbols,true,
￠,¢,,,symbols,true,
￡,£,,,symbols,true,
￥,¥,,,symbols,true,
￦,₩,,,symbols,true,
㍱,hPa,,,symbols,true,
㍲,da,,,symbols,true,
㍳,au,,,symbols,true,
㍴,bar,,,symbols,true,
㍶,pc,,,symbols,true,
㎀,pA,,,symbols,true,
㎁,nA,,,symbols,true,
㎂,µA,,,symbols,true,
㎃,mA,,,symbols,true,
㎄,kA,,,symbols,true,
㎅,kB,,,symbols,true,
㎆,MB,,,symbols,true,
㎇,GB,,,symbols,true,
㎈,cal,,,symbols,true,
㎉,kcal,,,symbols,true,
㎊,pF,,,symbols,true,
㎋,nF,,,symbols,true,
㎌,µF,,,symbols,true,
㎍,µg,,,symbols,true,
㎎,mg,,,symbols,true,
㎏,kg,,,symbols,true,
㎐,Hz,,,symbols,true,
㎑,kHz,,,symbols,true,
㎒,MHz,,,symbols,true,
㎓,GHz,,,symbols,true,
㎔,THz,,,symbols,true,
㎕,µL,,,symbols,true,
㎖,mL,,,symbols,true,
㎗,dL,,,symbols,true,
㎘,kL,,,symbols,true,
㎙,fm,,,symbols,true,
㎚,nm,,,symbols,true,
㎛,µm,,,symbols,true,
㎜,mm,,,symbols,true,
㎝,cm,,,symbols,true,
㎞,km,,,symbols,true,
㎟,mm^2,,,symbols,true,
㎠,cm^2,,,symbols,true,
㎡,m^2,,,symbols,true,
㎢,km^2,,,symbols,true,
㎣,mm^3,,,symbols,true,
㎤,cm^3,,,symbols,true,
㎥,m^3,,,symbols,true,
㎦,km^3,,,symbols,true,
㎧,m/s,,,symbols,true,
㎨,m/s^2,,,symbols,true,
㎩,Pa,,,symbols,true,
㎪,kPa,,,symbols,true,
㎫,MPa,,,symbols,true,
㎬,GPa,,,symbols,true,
㎭,rad,,,symbols,true,
㎮,rad/s,,,symbols,true,
㎯,rad/s^2,,,symbols,true,
㎰,ps,,,symbols,true,
㎱,ns,,,symbols,true,
㎲,µs,,,symbols,true,
㎳,ms,,,symbols,true,
㎴,pV,,,symbols,true,
㎵,nV,,,symbols,true,
㎶,µV,,,symbols,true,
㎷,mV,,,symbols,true,
㎸,kV,,,symbols,true,
㎹,MV,,,symbols,true,
㎺,pW,,,symbols,true,
㎻,nW,,,symbols,true,
㎼,µW,,,symbols,true,
㎽,mW,,,symbols,true,
㎾,kW,,,symbols,true,
㎿,MW,,,symbols,true,
㏀,kΩ,,,symbols,true,
㏁,MΩ,,,symbols,true,
㏃,Bq,,,symbols,true,
㏄,cc,,,symbols,true,
㏅,cd,,,symbols,true,
㏆,C/kg,,,symbols,true,
㏈(),dB,,,symbols,true,true
㏉,Gy,,,symbols,true,true
㏊,ha,,,symbols,true,true
㏌,in,,,symbols,true,true
㏏,kt,,,symbols,true,true
㏐,lm,,,symbols,true,true
㏓,lx,,,symbols,true,true
㏔,mb,,,symbols,true,true
㏕,mil,,,symbols,true,true
㏖,mol,,,symbols,true,true
㏗(),pH,,,symbols,true,true
㏙,ppm,,,symbols,true,true
㏛,sr,,,symbols,true,true
㏜,Sv,,,symbols,true,true
㏝,Wb,,,symbols,true,true
